genome_id,protein_acc,description,length_aa,n_CXXCH,n_CXXCK,n_heme_motifs,n_Cys,signal_peptide,predicted_localization,interpro_domains,neighbour_porin,notes,organism,short_name,group,seq_id,signalp_prediction,signalp_prob,signalp_confidence,has_signal_peptide,cs_position,psortb_localization,psortb_score,psortb_modules,psortb_n_modules,surface_exposed,score_Extracellular,score_OuterMembrane,score_Periplasmic,score_CytoplasmicMembrane,score_Cytoplasmic
GCF_000685155.1,WP_048089050.1,IPT/TIG domain-containing protein [Candidatus Methanoperedens nitratireducens],1441,29,0,29,58,,,,,,Candidatus Methanoperedens nitroreducens,Ca. M. nitroreducens,ANME-2d archaeon,seq0001,SP,0.5129,low,yes,CS pos: 40-41. Pr: 0.4893,Extracellular,9.64,ECSVM,1,yes,9.64,0.23,0.11,0.01,0.01
GCF_000007985.2,WP_010942850.1,cytochrome c3 family protein [Geobacter sulfurreducens],711,27,0,27,54,,,,,,Geobacter sulfurreducens PCA,G. sulfurreducens,Positive control (EET),seq0002,SP,0.9989,high,yes,CS pos: 22-23. Pr: 0.9420,Unknown,,Signal,1,no,2.50,2.50,2.50,2.50,0.00
GCF_000007985.2,WP_010943516.1,PKD domain-containing protein [Geobacter sulfurreducens],884,27,0,27,55,,,,,,Geobacter sulfurreducens PCA,G. sulfurreducens,Positive control (EET),seq0003,SP,0.9982,high,yes,CS pos: 36-37. Pr: 0.8210,Extracellular,10.00,ECSVM;SCL-BLAST,2,yes,10.00,0.00,0.00,0.00,0.00
GCF_000007985.2,WP_010943528.1,CxxxxCH/CxxCH domain c-type cytochrome [Geobacter sulfurreducens],2803,27,0,27,79,,,,,,Geobacter sulfurreducens PCA,G. sulfurreducens,Positive control (EET),seq0004,OTHER,1.0000,high,no,,not_submitted,,,,no,,,,,
GCF_000007985.2,WP_235044893.1,cytochrome c3 family protein [Geobacter sulfurreducens],660,26,0,26,52,,,,,,Geobacter sulfurreducens PCA,G. sulfurreducens,Positive control (EET),seq0005,SP,0.9990,high,yes,CS pos: 33-34. Pr: 0.9613,Periplasmic,9.83,PPSVM,1,no,0.14,0.01,9.83,0.01,0.01
GCF_000007985.2,WP_235044961.1,CxxxxCH/CxxCH domain c-type cytochrome [Geobacter sulfurreducens],1893,26,0,26,74,,,,,,Geobacter sulfurreducens PCA,G. sulfurreducens,Positive control (EET),seq0006,OTHER,0.9429,high,no,,not_submitted,,,,no,,,,,
GCF_000007985.2,WP_235044907.1,cytochrome c3 family protein [Geobacter sulfurreducens],1038,24,0,24,55,,,,,,Geobacter sulfurreducens PCA,G. sulfurreducens,Positive control (EET),seq0007,SP,0.9990,high,yes,CS pos: 40-41. Pr: 0.9592,Unknown,,ECSVM;PPSVM;Signal,3,no,5.54,0.01,4.45,0.00,0.00
GCF_000007985.2,WP_010943543.1,multiheme c-type cytochrome [Geobacter sulfurreducens],1046,23,0,23,54,,,,,,Geobacter sulfurreducens PCA,G. sulfurreducens,Positive control (EET),seq0008,SP,0.9992,high,yes,CS pos: 24-25. Pr: 0.9661,Unknown,,ECSVM;PPSVM,2,no,5.54,0.01,4.45,0.00,0.00
GCF_000685155.1,WP_157834067.1,S-layer protein domain-containing protein [Candidatus Methanoperedens nitratireducens],1178,22,0,22,46,,,,,,Candidatus Methanoperedens nitroreducens,Ca. M. nitroreducens,ANME-2d archaeon,seq0009,SP,0.9992,high,yes,CS pos: 21-22. Pr: 0.9778,Unknown,,,0,no,2.00,2.00,2.00,2.00,2.00
GCF_000008325.1,WP_041361558.1,cytochrome c3 family protein [Methylococcus capsulatus],526,21,0,21,42,,,,,,Methylococcus capsulatus Bath,M. capsulatus,Type I MOB (Gammaproteobacteria),seq0010,SP,0.9989,high,yes,CS pos: 27-28. Pr: 0.9414,Periplasmic,9.84,CytoSVM;PPSVM;Signal,3,no,0.14,0.00,9.84,0.02,0.00
GCF_027571405.1,WP_193787608.1,cytochrome c3 family protein [Methylocystis parvus],512,21,0,21,44,,,,,,Methylocystis parvus OBBP,M. parvus,Type II MOB (Alphaproteobacteria),seq0011,OTHER,0.9156,high,no,,not_submitted,,,,no,,,,,
GCF_000007985.2,WP_235044906.1,CxxxxCH/CxxCH domain c-type cytochrome [Geobacter sulfurreducens],893,19,0,19,48,,,,,,Geobacter sulfurreducens PCA,G. sulfurreducens,Positive control (EET),seq0012,SP,0.9991,high,yes,CS pos: 23-24. Pr: 0.9726,Unknown,,ECSVM;PPSVM;Signal,3,no,5.54,0.01,4.45,0.00,0.00
GCF_000007985.2,WP_010943529.1,CxxxxCH/CxxCH domain c-type cytochrome [Geobacter sulfurreducens],979,16,0,16,48,,,,,,Geobacter sulfurreducens PCA,G. sulfurreducens,Positive control (EET),seq0013,SP,0.6845,low,yes,CS pos: 38-39. Pr: 0.6436,Extracellular,9.65,ECSVM;Signal,2,yes,9.65,0.23,0.11,0.01,0.00
GCF_000685155.1,WP_048088239.1,hypothetical protein [Candidatus Methanoperedens nitratireducens],746,16,0,16,32,,,,,,Candidatus Methanoperedens nitroreducens,Ca. M. nitroreducens,ANME-2d archaeon,seq0014,SP,0.9991,high,yes,CS pos: 23-24. Pr: 0.9799,Extracellular,9.64,ECSVM,1,yes,9.64,0.23,0.11,0.01,0.01
GCF_000685155.1,WP_048092373.1,ammonia-forming cytochrome c nitrite reductase subunit c552 [Candidatus Methanoperedens nitratireducens],941,16,0,16,34,,,,,,Candidatus Methanoperedens nitroreducens,Ca. M. nitroreducens,ANME-2d archaeon,seq0015,SP,0.9991,high,yes,CS pos: 24-25. Pr: 0.9763,Extracellular,9.64,ECSVM,1,yes,9.64,0.23,0.11,0.01,0.01
GCA_030583625.1,WKZ14942.1,MAG: cytochrome c3 family protein [Candidatus Jettenia caeni],325,14,0,14,29,,,,,,Candidatus Jettenia caeni,Ca. J. caeni,Anammox,seq0016,OTHER,1.0000,high,no,,not_submitted,,,,no,,,,,
GCF_000007985.2,WP_010943511.1,CxxxxCH/CxxCH domain c-type cytochrome [Geobacter sulfurreducens],710,14,0,14,38,,,,,,Geobacter sulfurreducens PCA,G. sulfurreducens,Positive control (EET),seq0017,SP,0.9991,high,yes,CS pos: 34-35. Pr: 0.9658,Extracellular,9.65,ECSVM;Signal,2,yes,9.65,0.23,0.11,0.01,0.00
GCF_000008325.1,WP_143708438.1,NHL repeat-containing protein [Methylococcus capsulatus],923,14,0,14,30,,,,,,Methylococcus capsulatus Bath,M. capsulatus,Type I MOB (Gammaproteobacteria),seq0018,SP,0.9987,high,yes,CS pos: 22-23. Pr: 0.9653,Periplasmic,9.84,CytoSVM;PPSVM;Signal,3,no,0.14,0.00,9.84,0.02,0.00
GCF_011066545.1,WP_099326890.1,MULTISPECIES: cytochrome c3 family protein [Candidatus Kuenenia],338,14,0,14,29,,,,,,Candidatus Kuenenia stuttgartiensis,Ca. K. stuttgartiensis,Anammox,seq0019,LIPO,1.0000,high,yes,CS pos: 21-22. Pr: 0.9958,Unknown,,CytoSVM;Signal,2,no,2.50,0.10,2.50,4.90,0.00
GCF_000007985.2,WP_010943359.1,CxxxxCH/CxxCH domain c-type cytochrome [Geobacter sulfurreducens],691,13,0,13,42,,,,,,Geobacter sulfurreducens PCA,G. sulfurreducens,Positive control (EET),seq0020,LIPO,1.0000,high,yes,CS pos: 20-21. Pr: 0.9948,Extracellular,9.64,ECSVM,1,yes,9.64,0.23,0.11,0.01,0.01
GCF_000007985.2,WP_010943836.1,cytochrome c3 family protein [Geobacter sulfurreducens],480,13,0,13,30,,,,,,Geobacter sulfurreducens PCA,G. sulfurreducens,Positive control (EET),seq0021,SP,0.9992,high,yes,CS pos: 22-23. Pr: 0.9745,Periplasmic,10.00,PPSVM;SCL-BLAST;Signal,3,no,0.00,0.00,10.00,0.00,0.00
GCF_000685155.1,WP_048092725.1,hypothetical protein [Candidatus Methanoperedens nitratireducens],673,13,0,13,28,,,,,,Candidatus Methanoperedens nitroreducens,Ca. M. nitroreducens,ANME-2d archaeon,seq0022,SP,0.9981,high,yes,CS pos: 29-30. Pr: 0.9682,Extracellular,9.65,ECSVM;Signal,2,yes,9.65,0.23,0.11,0.01,0.00
GCF_000949635.1,WP_052562749.1,MULTISPECIES: hypothetical protein [Candidatus Brocadia],341,13,0,13,29,,,,,,Candidatus Brocadia sinica,Ca. B. sinica,Anammox,seq0023,LIPO,0.9991,high,yes,CS pos: 21-22. Pr: 0.9878,Unknown,,CytoSVM;Signal,2,no,2.50,0.10,2.50,4.90,0.00
GCF_000007985.2,WP_010941255.1,cytochrome c3 family protein [Geobacter sulfurreducens],329,12,0,12,26,,,,,,Geobacter sulfurreducens PCA,G. sulfurreducens,Positive control (EET),seq0024,SP,0.9991,high,yes,CS pos: 22-23. Pr: 0.9766,Cytoplasmic,8.96,CytoSVM,1,no,0.26,0.01,0.26,0.51,8.96
GCF_000007985.2,WP_010941330.1,cytochrome c [Geobacter sulfurreducens],284,12,0,12,25,,,,,,Geobacter sulfurreducens PCA,G. sulfurreducens,Positive control (EET),seq0025,SP,0.9194,high,yes,CS pos: 30-31. Pr: 0.8780,Periplasmic,9.84,PPSVM;Signal,2,no,0.14,0.01,9.84,0.01,0.00
GCF_000007985.2,WP_010942639.1,cytochrome c3 family protein [Geobacter sulfurreducens],343,12,0,12,24,,,,,,Geobacter sulfurreducens PCA,G. sulfurreducens,Positive control (EET),seq0026,SP,0.9936,high,yes,CS pos: 25-26. Pr: 0.9574,Periplasmic,9.84,PPSVM;Signal,2,no,0.14,0.01,9.84,0.01,0.00
GCF_000007985.2,WP_010943365.1,C-type polyheme cytochrome OmcC [Geobacter sulfurreducens],768,12,0,12,25,,,,,,Geobacter sulfurreducens PCA,G. sulfurreducens,Positive control (EET),seq0027,LIPO,1.0000,high,yes,CS pos: 23-24. Pr: 0.9963,Unknown,,ECSVM;PPSVM;Signal,3,no,5.54,0.01,4.45,0.00,0.00
GCF_000007985.2,WP_010943369.1,C-type polyheme cytochrome OmcB [Geobacter sulfurreducens],744,12,0,12,25,,,,,,Geobacter sulfurreducens PCA,G. sulfurreducens,Positive control (EET),seq0028,LIPO,1.0000,high,yes,CS pos: 23-24. Pr: 0.9968,Unknown,,ECSVM;PPSVM;Signal,3,no,5.54,0.01,4.45,0.00,0.00
GCF_000007985.2,WP_010943566.1,selenite/tellurite reduction operon c-type cytochrome ExtM [Geobacter sulfurreducens],623,12,0,12,27,,,,,,Geobacter sulfurreducens PCA,G. sulfurreducens,Positive control (EET),seq0029,LIPO,0.8983,medium,yes,CS pos: 22-23. Pr: 0.8778,Unknown,,CytoSVM;Signal,2,no,2.50,0.10,2.50,4.90,0.00
GCF_000685155.1,WP_048088240.1,S-layer protein domain-containing protein [Candidatus Methanoperedens nitratireducens],936,12,0,12,26,,,,,,Candidatus Methanoperedens nitroreducens,Ca. M. nitroreducens,ANME-2d archaeon,seq0030,OTHER,0.8142,medium,no,,not_submitted,,,,no,,,,,
GCF_000685155.1,WP_048089032.1,cytochrome c3 family protein [Candidatus Methanoperedens nitratireducens],362,12,0,12,26,,,,,,Candidatus Methanoperedens nitroreducens,Ca. M. nitroreducens,ANME-2d archaeon,seq0031,OTHER,1.0000,high,no,,not_submitted,,,,no,,,,,
GCF_000685155.1,WP_048092723.1,cytochrome c3 family protein [Candidatus Methanoperedens nitratireducens],554,12,0,12,24,,,,,,Candidatus Methanoperedens nitroreducens,Ca. M. nitroreducens,ANME-2d archaeon,seq0032,OTHER,0.9120,high,no,,not_submitted,,,,no,,,,,
GCA_030583625.1,WKZ14811.1,MAG: cytochrome c3 family protein [Candidatus Jettenia caeni],333,11,0,11,25,,,,,,Candidatus Jettenia caeni,Ca. J. caeni,Anammox,seq0033,OTHER,0.6216,low,no,,not_submitted,,,,no,,,,,
GCA_030583625.1,WKZ16184.1,MAG: NapC/NirT family cytochrome c [Candidatus Jettenia caeni],404,11,0,11,22,,,,,,Candidatus Jettenia caeni,Ca. J. caeni,Anammox,seq0034,OTHER,1.0000,high,no,,not_submitted,,,,no,,,,,
GCF_000007985.2,WP_235044898.1,cytochrome C [Geobacter sulfurreducens],258,11,0,11,24,,,,,,Geobacter sulfurreducens PCA,G. sulfurreducens,Positive control (EET),seq0035,OTHER,1.0000,high,no,,not_submitted,,,,no,,,,,
GCF_000008325.1,WP_143708532.1,cytochrome c3 family protein [Methylococcus capsulatus],320,11,0,11,22,,,,,,Methylococcus capsulatus Bath,M. capsulatus,Type I MOB (Gammaproteobacteria),seq0036,SP,0.9991,high,yes,CS pos: 32-33. Pr: 0.9750,Unknown,,Signal,1,no,2.50,2.50,2.50,2.50,0.00
GCF_000685155.1,WP_048092727.1,cytochrome c3 family protein [Candidatus Methanoperedens nitratireducens],883,11,0,11,26,,,,,,Candidatus Methanoperedens nitroreducens,Ca. M. nitroreducens,ANME-2d archaeon,seq0037,OTHER,1.0000,high,no,,not_submitted,,,,no,,,,,
GCF_000685155.1,WP_157833958.1,cytochrome c3 family protein [Candidatus Methanoperedens nitratireducens],315,11,0,11,23,,,,,,Candidatus Methanoperedens nitroreducens,Ca. M. nitroreducens,ANME-2d archaeon,seq0038,SP,0.9992,high,yes,CS pos: 23-24. Pr: 0.9783,Unknown,,Signal,1,no,2.50,2.50,2.50,2.50,0.00
GCF_000786775.1,WP_034404551.1,hypothetical protein [Candidatus Scalindua brodae],400,11,0,11,24,,,,,,Candidatus Scalindua brodae,Ca. S. brodae,Anammox,seq0039,OTHER,1.0000,high,no,,not_submitted,,,,no,,,,,
GCF_000949635.1,WP_052564208.1,multiheme c-type cytochrome [Candidatus Brocadia sinica],408,11,0,11,22,,,,,,Candidatus Brocadia sinica,Ca. B. sinica,Anammox,seq0040,OTHER,1.0000,high,no,,not_submitted,,,,no,,,,,
GCF_001753675.2,WP_070067272.1,multiheme c-type cytochrome [Candidatus Brocadia sapporoensis],407,11,0,11,25,,,,,,Candidatus Brocadia sapporoensis,Ca. B. sapporoensis,Anammox,seq0041,OTHER,1.0000,high,no,,not_submitted,,,,no,,,,,
GCF_001753675.2,WP_143299191.1,hypothetical protein [Candidatus Brocadia sapporoensis],253,11,0,11,23,,,,,,Candidatus Brocadia sapporoensis,Ca. B. sapporoensis,Anammox,seq0042,OTHER,1.0000,high,no,,not_submitted,,,,no,,,,,
GCF_011066545.1,WP_099325822.1,MULTISPECIES: NapC/NirT family cytochrome c [Candidatus Kuenenia],404,11,0,11,22,,,,,,Candidatus Kuenenia stuttgartiensis,Ca. K. stuttgartiensis,Anammox,seq0043,OTHER,1.0000,high,no,,not_submitted,,,,no,,,,,
GCA_030583625.1,WKZ16135.1,MAG: cytochrome c3 family protein [Candidatus Jettenia caeni],480,10,0,10,23,,,,,,Candidatus Jettenia caeni,Ca. J. caeni,Anammox,seq0044,OTHER,0.9999,high,no,,not_submitted,,,,no,,,,,
GCF_000007985.2,WP_010942843.1,GSU2203 family decaheme c-type cytochrome [Geobacter sulfurreducens],363,10,0,10,21,,,,,,Geobacter sulfurreducens PCA,G. sulfurreducens,Positive control (EET),seq0045,LIPO,1.0000,high,yes,CS pos: 25-26. Pr: 0.9905,Periplasmic,9.83,PPSVM,1,no,0.14,0.01,9.83,0.01,0.01
GCF_000007985.2,WP_010943565.1,selenite/tellurite reduction operon b-type cytochrome iron-sulfur cluster-binding subunit ExtO [Geobacter sulfurreducens],421,10,0,10,22,,,,,,Geobacter sulfurreducens PCA,G. sulfurreducens,Positive control (EET),seq0046,SP,0.9991,high,yes,CS pos: 24-25. Pr: 0.9725,Periplasmic,9.84,CytoSVM;PPSVM;Signal,3,no,0.14,0.00,9.84,0.02,0.00
GCF_000007985.2,WP_010943843.1,cytochrome c3 family protein [Geobacter sulfurreducens],576,10,0,10,25,,,,,,Geobacter sulfurreducens PCA,G. sulfurreducens,Positive control (EET),seq0047,SP,0.9991,high,yes,CS pos: 22-23. Pr: 0.9586,Unknown,,CytoSVM;Signal,2,no,2.50,0.10,2.50,4.90,0.00
GCF_000146165.2,WP_011071629.1,DmsE family decaheme c-type cytochrome [Shewanella oneidensis],318,10,0,10,20,,,,,,Shewanella oneidensis MR-1,S. oneidensis,Positive control (EET),seq0048,SP,0.9991,high,yes,CS pos: 25-26. Pr: 0.9774,Periplasmic,9.83,PPSVM,1,no,0.14,0.01,9.83,0.01,0.01
GCF_000146165.2,WP_011071811.1,OmcA/MtrC family decaheme c-type cytochrome [Shewanella oneidensis],759,10,0,10,26,,,,,,Shewanella oneidensis MR-1,S. oneidensis,Positive control (EET),seq0049,LIPO,1.0000,high,yes,CS pos: 22-23. Pr: 0.9958,Periplasmic,9.84,PPSVM;Signal,2,no,0.14,0.01,9.84,0.01,0.00
GCF_000146165.2,WP_011071900.1,decaheme c-type cytochrome MtrA [Shewanella oneidensis],333,10,0,10,21,,,,,,Shewanella oneidensis MR-1,S. oneidensis,Positive control (EET),seq0050,SP,0.9990,high,yes,CS pos: 34-35. Pr: 0.9756,Unknown,,ECSVM;PPSVM;Signal,3,no,5.54,0.01,4.45,0.00,0.00
GCF_000146165.2,WP_011071901.1,decaheme c-type cytochrome MtrC [Shewanella oneidensis],671,10,0,10,23,,,,,,Shewanella oneidensis MR-1,S. oneidensis,Positive control (EET),seq0051,LIPO,1.0000,high,yes,CS pos: 24-25. Pr: 0.9960,Unknown,,ECSVM;PPSVM;Signal,3,no,5.54,0.01,4.45,0.00,0.00
GCF_000146165.2,WP_011071902.1,decaheme c-type cytochrome OmcA [Shewanella oneidensis],735,10,0,10,25,,,,,,Shewanella oneidensis MR-1,S. oneidensis,Positive control (EET),seq0052,LIPO,1.0000,high,yes,CS pos: 26-27. Pr: 0.9961,Unknown,,,0,no,2.00,2.00,2.00,2.00,2.00
GCF_000146165.2,WP_011071903.1,decaheme c-type cytochrome MtrF [Shewanella oneidensis],639,10,0,10,25,,,,,,Shewanella oneidensis MR-1,S. oneidensis,Positive control (EET),seq0053,LIPO,1.0000,high,yes,CS pos: 23-24. Pr: 0.9958,Unknown,,,0,no,2.00,2.00,2.00,2.00,2.00
GCF_000146165.2,WP_011071905.1,DmsE family decaheme c-type cytochrome [Shewanella oneidensis],321,10,0,10,20,,,,,,Shewanella oneidensis MR-1,S. oneidensis,Positive control (EET),seq0054,SP,0.9991,high,yes,CS pos: 30-31. Pr: 0.9783,Periplasmic,9.84,PPSVM;Signal,2,no,0.14,0.01,9.84,0.01,0.00
GCF_000146165.2,WP_238560522.1,DmsE family decaheme c-type cytochrome [Shewanella oneidensis],316,10,0,10,21,,,,,,Shewanella oneidensis MR-1,S. oneidensis,Positive control (EET),seq0055,SP,0.9746,high,yes,CS pos: 35-36. Pr: 0.9313,Unknown,,Signal,1,no,2.50,2.50,2.50,2.50,0.00
GCF_000786775.1,WP_034401653.1,hypothetical protein [Candidatus Scalindua brodae],447,10,0,10,25,,,,,,Candidatus Scalindua brodae,Ca. S. brodae,Anammox,seq0056,OTHER,0.9999,high,no,,not_submitted,,,,no,,,,,
GCF_000949635.1,WP_052561545.1,cytochrome c3 family protein [Candidatus Brocadia sinica],384,10,0,10,24,,,,,,Candidatus Brocadia sinica,Ca. B. sinica,Anammox,seq0057,OTHER,1.0000,high,no,,not_submitted,,,,no,,,,,
GCF_000949635.1,WP_052564298.1,cytochrome c3 family protein [Candidatus Brocadia sinica],433,10,0,10,23,,,,,,Candidatus Brocadia sinica,Ca. B. sinica,Anammox,seq0058,OTHER,1.0000,high,no,,not_submitted,,,,no,,,,,
GCF_011066545.1,WP_164994282.1,hypothetical protein [Candidatus Kuenenia stuttgartensis],419,10,0,10,23,,,,,,Candidatus Kuenenia stuttgartiensis,Ca. K. stuttgartiensis,Anammox,seq0059,OTHER,0.9970,high,no,,not_submitted,,,,no,,,,,
GCF_000007985.2,WP_010940947.1,cytochrome c3 family protein [Geobacter sulfurreducens],619,9,0,9,18,,,,,,Geobacter sulfurreducens PCA,G. sulfurreducens,Positive control (EET),seq0060,SP,0.9992,high,yes,CS pos: 24-25. Pr: 0.9716,CytoplasmicMembrane,10.00,CMSVM;ModHMM;Signal,3,no,0.00,0.00,0.00,10.00,0.00
GCF_000007985.2,WP_010941884.1,DmsE family decaheme c-type cytochrome [Geobacter sulfurreducens],337,9,0,9,22,,,,,,Geobacter sulfurreducens PCA,G. sulfurreducens,Positive control (EET),seq0061,LIPO,1.0000,high,yes,CS pos: 24-25. Pr: 0.9951,Periplasmic,9.84,CytoSVM;PPSVM;Signal,3,no,0.14,0.00,9.84,0.02,0.00
GCF_000007985.2,WP_010943759.1,cytochrome c3 family protein [Geobacter sulfurreducens],591,9,0,9,21,,,,,,Geobacter sulfurreducens PCA,G. sulfurreducens,Positive control (EET),seq0062,SP,0.9992,high,yes,CS pos: 25-26. Pr: 0.9703,Periplasmic,9.84,PPSVM;Signal,2,no,0.14,0.01,9.84,0.01,0.00
GCF_000007985.2,WP_235044958.1,cytochrome c3 family protein [Geobacter sulfurreducens],284,9,0,9,21,,,,,,Geobacter sulfurreducens PCA,G. sulfurreducens,Positive control (EET),seq0063,OTHER,1.0000,high,no,,not_submitted,,,,no,,,,,
GCF_000008325.1,WP_010959699.1,PKD domain-containing protein [Methylococcus capsulatus],969,9,0,9,24,,,,,,Methylococcus capsulatus Bath,M. capsulatus,Type I MOB (Gammaproteobacteria),seq0064,SP,0.9990,high,yes,CS pos: 29-30. Pr: 0.9761,Periplasmic,9.84,PPSVM;Signal,2,no,0.14,0.01,9.84,0.01,0.00
GCF_000008325.1,WP_010961396.1,cytochrome c5530 family protein [Methylococcus capsulatus],1062,9,0,9,25,,,,,,Methylococcus capsulatus Bath,M. capsulatus,Type I MOB (Gammaproteobacteria),seq0065,SP,0.9979,high,yes,CS pos: 36-37. Pr: 0.9678,Periplasmic,9.84,PPSVM;Signal,2,no,0.14,0.01,9.84,0.01,0.00
GCF_000008325.1,WP_041360666.1,hypothetical protein [Methylococcus capsulatus],1080,9,0,9,24,,,,,,Methylococcus capsulatus Bath,M. capsulatus,Type I MOB (Gammaproteobacteria),seq0066,SP,0.7732,medium,yes,CS pos: 38-39. Pr: 0.4281,Periplasmic,9.83,PPSVM,1,no,0.14,0.01,9.83,0.01,0.01
GCF_000008325.1,WP_143708536.1,cytochrome C [Methylococcus capsulatus],1037,9,0,9,24,,,,,,Methylococcus capsulatus Bath,M. capsulatus,Type I MOB (Gammaproteobacteria),seq0067,SP,0.9988,high,yes,CS pos: 35-36. Pr: 0.9685,Periplasmic,9.84,PPSVM;Signal,2,no,0.14,0.01,9.84,0.01,0.00
GCF_000019665.1,WP_148205258.1,multiheme c-type cytochrome [Candidatus Methylacidiphilum infernorum],719,9,0,9,19,,,,,,Methylacidiphilum infernorum V4,M. infernorum,Verrucomicrobial MOB,seq0068,SP,0.4967,low,yes,CS pos: 27-28. Pr: 0.3456,Periplasmic,9.99,CytoSVM;PPSVM;SCL-BLAST,3,no,0.00,0.00,9.99,0.00,0.01
GCF_000091165.1,WP_015743395.1,hypothetical protein [Candidatus Methylomirabilis oxyfera],422,9,0,9,18,,,,,,Candidatus Methylomirabilis oxyfera,Ca. M. oxyfera,n-DAMO bacterium (NC10),seq0069,SP,0.9992,high,yes,CS pos: 26-27. Pr: 0.9703,Unknown,,CytoSVM;Signal,2,no,2.50,0.10,2.50,4.90,0.00
GCF_000091165.1,WP_044595708.1,"hypothetical protein, partial [Candidatus Methylomirabilis oxyfera]",291,9,0,9,20,,,,,,Candidatus Methylomirabilis oxyfera,Ca. M. oxyfera,n-DAMO bacterium (NC10),seq0070,OTHER,1.0000,high,no,,not_submitted,,,,no,,,,,
GCF_000214665.1,WP_238527351.1,carboxypeptidase regulatory-like domain-containing protein [Methylomonas methanica],552,9,0,9,20,,,,,,Methylomonas methanica,M. methanica,Type I MOB (Gammaproteobacteria),seq0071,OTHER,1.0000,high,no,,not_submitted,,,,no,,,,,
GCF_000297415.1,WP_009061861.1,multiheme c-type cytochrome [Candidatus Methylacidiphilum fumarolicum],715,9,0,9,19,,,,,,Methylacidiphilum fumariolicum SolV,M. fumariolicum,Verrucomicrobial MOB,seq0072,SP,0.9992,high,yes,CS pos: 21-22. Pr: 0.9792,Periplasmic,10.00,PPSVM;SCL-BLAST;Signal,3,no,0.00,0.00,10.00,0.00,0.00
GCF_027571405.1,WP_016920456.1,cytochrome c3 family protein [Methylocystis parvus],308,9,0,9,21,,,,,,Methylocystis parvus OBBP,M. parvus,Type II MOB (Alphaproteobacteria),seq0073,SP,0.9788,high,yes,CS pos: 31-32. Pr: 0.6944,Periplasmic,9.84,PPSVM;Signal,2,no,0.14,0.01,9.84,0.01,0.00
GCA_030583625.1,WKZ14277.1,MAG: multiheme c-type cytochrome [Candidatus Jettenia caeni],537,8,0,8,17,,,,,,Candidatus Jettenia caeni,Ca. J. caeni,Anammox,seq0074,SP,0.9989,high,yes,CS pos: 22-23. Pr: 0.9776,Periplasmic,9.76,CytoSVM;SCL-BLAST;Signal,3,no,0.11,0.00,9.76,0.12,0.00
GCA_030583625.1,WKZ14796.1,MAG: tetratricopeptide repeat protein [Candidatus Jettenia caeni],781,8,0,8,21,,,,,,Candidatus Jettenia caeni,Ca. J. caeni,Anammox,seq0075,LIPO,0.9308,high,yes,CS pos: 18-19. Pr: 0.9103,Cytoplasmic,8.96,CytoSVM,1,no,0.26,0.01,0.26,0.51,8.96
GCA_030583625.1,WKZ14812.1,MAG: multiheme c-type cytochrome [Candidatus Jettenia caeni],445,8,0,8,19,,,,,,Candidatus Jettenia caeni,Ca. J. caeni,Anammox,seq0076,LIPO,0.9998,high,yes,CS pos: 29-30. Pr: 0.9877,Unknown,,CytoSVM;SCL-BLAST,2,no,0.05,0.00,4.48,0.06,5.41
GCA_030583625.1,WKZ14897.1,MAG: multiheme c-type cytochrome [Candidatus Jettenia caeni],502,8,0,8,17,,,,,,Candidatus Jettenia caeni,Ca. J. caeni,Anammox,seq0077,SP,0.9992,high,yes,CS pos: 21-22. Pr: 0.9775,Unknown,,CytoSVM;SCL-BLAST,2,no,0.05,0.00,4.48,0.06,5.41
GCA_030583625.1,WKZ15226.1,MAG: multiheme c-type cytochrome [Candidatus Jettenia caeni],581,8,0,8,16,,,,,,Candidatus Jettenia caeni,Ca. J. caeni,Anammox,seq0078,SP,0.9991,high,yes,CS pos: 26-27. Pr: 0.9697,Periplasmic,10.00,CytoSVM;PPSVM;SCL-BLAST;Signal,4,no,0.00,0.00,10.00,0.00,0.00
GCA_030583625.1,WKZ15625.1,MAG: multiheme c-type cytochrome [Candidatus Jettenia caeni],836,8,0,8,19,,,,,,Candidatus Jettenia caeni,Ca. J. caeni,Anammox,seq0079,SP,0.9989,high,yes,CS pos: 25-26. Pr: 0.9726,Unknown,,CytoSVM;SCL-BLAST,2,no,0.05,0.00,4.48,0.06,5.41
GCA_030583625.1,WKZ15807.1,MAG: multiheme c-type cytochrome [Candidatus Jettenia caeni],530,8,0,8,17,,,,,,Candidatus Jettenia caeni,Ca. J. caeni,Anammox,seq0080,SP,0.8323,medium,yes,CS pos: 30-31. Pr: 0.6089,Periplasmic,9.99,CytoSVM;PPSVM;SCL-BLAST,3,no,0.00,0.00,9.99,0.00,0.01
GCA_030583625.1,WKZ16191.1,MAG: multiheme c-type cytochrome [Candidatus Jettenia caeni],537,8,0,8,20,,,,,,Candidatus Jettenia caeni,Ca. J. caeni,Anammox,seq0081,SP,0.9982,high,yes,CS pos: 36-37. Pr: 0.9681,Unknown,,CytoSVM;SCL-BLAST,2,no,0.05,0.00,4.48,0.06,5.41
GCA_030583625.1,WKZ16741.1,MAG: multiheme c-type cytochrome [Candidatus Jettenia caeni],579,8,0,8,22,,,,,,Candidatus Jettenia caeni,Ca. J. caeni,Anammox,seq0082,LIPO,0.7016,medium,yes,CS pos: 23-24. Pr: 0.6557,Periplasmic,9.99,CytoSVM;PPSVM;SCL-BLAST,3,no,0.00,0.00,9.99,0.00,0.01
GCA_030583625.1,WKZ16869.1,MAG: c-type cytochrome [Candidatus Jettenia caeni],945,8,0,8,16,,,,,,Candidatus Jettenia caeni,Ca. J. caeni,Anammox,seq0083,OTHER,1.0000,high,no,,not_submitted,,,,no,,,,,
GCF_000007985.2,WP_010941025.1,MULTISPECIES: ammonia-forming cytochrome c nitrite reductase subunit c552 [Geobacter],533,7,1,8,17,,,,,,Geobacter sulfurreducens PCA,G. sulfurreducens,Positive control (EET),seq0084,SP,0.9985,high,yes,CS pos: 27-28. Pr: 0.9646,Periplasmic,9.76,CytoSVM;SCL-BLAST;Signal,3,no,0.11,0.00,9.76,0.12,0.00
GCF_000007985.2,WP_010941278.1,MULTISPECIES: cytochrome c3 family protein [Geobacter],330,8,0,8,17,,,,,,Geobacter sulfurreducens PCA,G. sulfurreducens,Positive control (EET),seq0085,SP,0.9992,high,yes,CS pos: 22-23. Pr: 0.9749,Unknown,,Signal,1,no,2.50,2.50,2.50,2.50,0.00
GCF_000007985.2,WP_010942841.1,cytochrome c [Geobacter sulfurreducens],456,8,0,8,17,,,,,,Geobacter sulfurreducens PCA,G. sulfurreducens,Positive control (EET),seq0086,SP,0.9992,high,yes,CS pos: 22-23. Pr: 0.9797,Unknown,,Signal,1,no,2.50,2.50,2.50,2.50,0.00
GCF_000007985.2,WP_010942936.1,tetrathionate reductase family octaheme c-type cytochrome [Geobacter sulfurreducens],482,8,0,8,19,,,,,,Geobacter sulfurreducens PCA,G. sulfurreducens,Positive control (EET),seq0087,SP,0.9991,high,yes,CS pos: 23-24. Pr: 0.9774,Periplasmic,9.84,PPSVM;Signal,2,no,0.14,0.01,9.84,0.01,0.00
GCF_000007985.2,WP_010943366.1,cytochrome c [Geobacter sulfurreducens],231,8,0,8,16,,,,,,Geobacter sulfurreducens PCA,G. sulfurreducens,Positive control (EET),seq0088,SP,0.9992,high,yes,CS pos: 23-24. Pr: 0.9779,Unknown,,Signal,1,no,2.50,2.50,2.50,2.50,0.00
GCF_000008325.1,WP_010959782.1,PKD domain-containing protein [Methylococcus capsulatus],1158,8,0,8,21,,,,,,Methylococcus capsulatus Bath,M. capsulatus,Type I MOB (Gammaproteobacteria),seq0089,SP,0.9986,high,yes,CS pos: 33-34. Pr: 0.9726,Unknown,,Signal,1,no,2.50,2.50,2.50,2.50,0.00
GCF_000008325.1,WP_017364377.1,hypothetical protein [Methylococcus capsulatus],332,8,0,8,18,,,,,,Methylococcus capsulatus Bath,M. capsulatus,Type I MOB (Gammaproteobacteria),seq0090,SP,0.9993,high,yes,CS pos: 27-28. Pr: 0.9557,Periplasmic,9.84,CytoSVM;PPSVM;Signal,3,no,0.14,0.00,9.84,0.02,0.00
GCF_000008325.1,WP_081423403.1,multiheme c-type cytochrome [Methylococcus capsulatus],534,8,0,8,16,,,,,,Methylococcus capsulatus Bath,M. capsulatus,Type I MOB (Gammaproteobacteria),seq0091,SP,0.9992,high,yes,CS pos: 25-26. Pr: 0.7304,Periplasmic,10.00,PPSVM;SCL-BLAST;Signal,3,no,0.00,0.00,10.00,0.00,0.00
GCF_000091165.1,WP_015745008.1,hydroxylamine oxidoreductase hao [Candidatus Methylomirabilis oxyfera],462,8,0,8,16,,,,,,Candidatus Methylomirabilis oxyfera,Ca. M. oxyfera,n-DAMO bacterium (NC10),seq0092,SP,0.9878,high,yes,CS pos: 40-41. Pr: 0.9474,Periplasmic,10.00,PPSVM;SCL-BLAST;Signal,3,no,0.00,0.00,10.00,0.00,0.00
GCF_000091165.1,WP_044595962.1,cytochrome C [Candidatus Methylomirabilis oxyfera],408,8,0,8,16,,,,,,Candidatus Methylomirabilis oxyfera,Ca. M. oxyfera,n-DAMO bacterium (NC10),seq0093,OTHER,1.0000,high,no,,not_submitted,,,,no,,,,,
GCF_000146165.2,WP_011073841.1,tetrathionate reductase family octaheme c-type cytochrome [Shewanella oneidensis],461,8,0,8,17,,,,,,Shewanella oneidensis MR-1,S. oneidensis,Positive control (EET),seq0094,SP,0.9992,high,yes,CS pos: 18-19. Pr: 0.9785,Periplasmic,9.84,PPSVM;Signal,2,no,0.14,0.01,9.84,0.01,0.00
GCF_000178815.2,WP_003612355.1,MULTISPECIES: multiheme c-type cytochrome [Methylosinus],650,8,0,8,17,,,,,,Methylosinus trichosporium OB3b,M. trichosporium,Type II MOB (Alphaproteobacteria),seq0095,SP,0.9992,high,yes,CS pos: 20-21. Pr: 0.9556,Unknown,,Signal,1,no,2.50,2.50,2.50,2.50,0.00
GCF_000214275.2,WP_245549370.1,multiheme c-type cytochrome [Methylomicrobium album],553,8,0,8,16,,,,,,Methylomicrobium album BG8,M. album,Type I MOB (Gammaproteobacteria),seq0096,SP,0.9991,high,yes,CS pos: 23-24. Pr: 0.5385,Periplasmic,10.00,PPSVM;SCL-BLAST,2,no,0.00,0.00,10.00,0.00,0.00
GCF_000372865.1,WP_026223604.1,multiheme c-type cytochrome [Methylosarcina fibrata],549,8,0,8,16,,,,,,Methylosarcina fibrata AML-C10,M. fibrata,Type I MOB (Gammaproteobacteria),seq0097,SP,0.9944,high,yes,CS pos: 25-26. Pr: 0.9563,Periplasmic,10.00,PPSVM;SCL-BLAST,2,no,0.00,0.00,10.00,0.00,0.00
GCF_000372865.1,WP_157385900.1,multiheme c-type cytochrome [Methylosarcina fibrata],675,8,0,8,16,,,,,,Methylosarcina fibrata AML-C10,M. fibrata,Type I MOB (Gammaproteobacteria),seq0098,OTHER,0.9999,high,no,,not_submitted,,,,no,,,,,
GCF_000427445.1,WP_051335722.1,cytochrome c3 family protein [Methylocapsa acidiphila],788,8,0,8,16,,,,,,Methylocapsa acidiphila B2,M. acidiphila,Type II MOB (Alphaproteobacteria),seq0099,SP,0.9471,high,yes,CS pos: 37-38. Pr: 0.8899,Unknown,,Signal,1,no,2.50,2.50,2.50,2.50,0.00
GCF_000496735.2,WP_023493442.1,multiheme c-type cytochrome [Methyloglobulus morosus],539,8,0,8,18,,,,,,Methyloglobulus morosus KoM1,M. morosus,Type I MOB (Gammaproteobacteria),seq0100,SP,0.9992,high,yes,CS pos: 23-24. Pr: 0.9784,Periplasmic,9.44,SCL-BLAST,1,no,0.11,0.06,9.44,0.06,0.33
GCF_000685155.1,WP_048088257.1,multiheme c-type cytochrome [Candidatus Methanoperedens nitratireducens],427,8,0,8,16,,,,,,Candidatus Methanoperedens nitroreducens,Ca. M. nitroreducens,ANME-2d archaeon,seq0101,SP,0.9991,high,yes,CS pos: 26-27. Pr: 0.9748,Periplasmic,9.83,PPSVM,1,no,0.14,0.01,9.83,0.01,0.01
GCF_000685155.1,WP_048089088.1,IPT/TIG domain-containing protein [Candidatus Methanoperedens nitratireducens],503,8,0,8,16,,,,,,Candidatus Methanoperedens nitroreducens,Ca. M. nitroreducens,ANME-2d archaeon,seq0102,SP,0.9990,high,yes,CS pos: 21-22. Pr: 0.9787,Extracellular,9.65,ECSVM;Signal,2,yes,9.65,0.23,0.11,0.01,0.00
GCF_000685155.1,WP_048092719.1,carboxypeptidase regulatory-like domain-containing protein [Candidatus Methanoperedens nitratireducens],3539,8,0,8,16,,,,,,Candidatus Methanoperedens nitroreducens,Ca. M. nitroreducens,ANME-2d archaeon,seq0103,SP,0.9992,high,yes,CS pos: 19-20. Pr: 0.9807,Unknown,,CMSVM;ECSVM;OMSVM,3,no,6.04,3.60,0.20,0.16,0.00
GCF_000685155.1,WP_048093919.1,multiheme c-type cytochrome [Candidatus Methanoperedens nitratireducens],443,8,0,8,16,,,,,,Candidatus Methanoperedens nitroreducens,Ca. M. nitroreducens,ANME-2d archaeon,seq0104,SP,0.9992,high,yes,CS pos: 24-25. Pr: 0.9751,Periplasmic,9.76,SCL-BLAST;Signal,2,no,0.11,0.06,9.76,0.06,0.00
GCF_000786775.1,WP_034401884.1,hypothetical protein [Candidatus Scalindua brodae],951,8,0,8,16,,,,,,Candidatus Scalindua brodae,Ca. S. brodae,Anammox,seq0105,OTHER,0.9366,high,no,,not_submitted,,,,no,,,,,
GCF_000786775.1,WP_034403630.1,hypothetical protein [Candidatus Scalindua brodae],276,8,0,8,16,,,,,,Candidatus Scalindua brodae,Ca. S. brodae,Anammox,seq0106,OTHER,1.0000,high,no,,not_submitted,,,,no,,,,,
GCF_000786775.1,WP_034404593.1,hypothetical protein [Candidatus Scalindua brodae],540,8,0,8,20,,,,,,Candidatus Scalindua brodae,Ca. S. brodae,Anammox,seq0107,SP,0.7368,medium,yes,CS pos: 48-49. Pr: 0.6375,Unknown,,CytoSVM;SCL-BLAST,2,no,0.05,0.00,4.48,0.06,5.41
GCF_000786775.1,WP_034406467.1,"hypothetical protein, partial [Candidatus Scalindua brodae]",543,8,0,8,16,,,,,,Candidatus Scalindua brodae,Ca. S. brodae,Anammox,seq0108,OTHER,1.0000,high,no,,not_submitted,,,,no,,,,,
GCF_000786775.1,WP_034410007.1,hypothetical protein [Candidatus Scalindua brodae],523,8,0,8,17,,,,,,Candidatus Scalindua brodae,Ca. S. brodae,Anammox,seq0109,SP,0.9988,high,yes,CS pos: 30-31. Pr: 0.9715,Unknown,,CytoSVM;SCL-BLAST,2,no,0.05,0.00,4.48,0.06,5.41
GCF_000786775.1,WP_034410018.1,hypothetical protein [Candidatus Scalindua brodae],585,8,0,8,16,,,,,,Candidatus Scalindua brodae,Ca. S. brodae,Anammox,seq0110,SP,0.9991,high,yes,CS pos: 28-29. Pr: 0.9761,Periplasmic,9.76,CytoSVM;SCL-BLAST;Signal,3,no,0.11,0.00,9.76,0.12,0.00
GCF_000949635.1,WP_052561403.1,MULTISPECIES: multiheme c-type cytochrome [Candidatus Brocadia],536,8,0,8,17,,,,,,Candidatus Brocadia sinica,Ca. B. sinica,Anammox,seq0111,SP,0.9989,high,yes,CS pos: 21-22. Pr: 0.9780,Periplasmic,9.76,CytoSVM;SCL-BLAST;Signal,3,no,0.11,0.00,9.76,0.12,0.00
GCF_000949635.1,WP_052562057.1,MULTISPECIES: multiheme c-type cytochrome [Candidatus Brocadia],580,8,0,8,16,,,,,,Candidatus Brocadia sinica,Ca. B. sinica,Anammox,seq0112,SP,0.9991,high,yes,CS pos: 26-27. Pr: 0.9700,Periplasmic,9.99,CytoSVM;PPSVM;SCL-BLAST,3,no,0.00,0.00,9.99,0.00,0.01
GCF_000949635.1,WP_052562357.1,MULTISPECIES: multiheme c-type cytochrome [Candidatus Brocadia],483,8,0,8,16,,,,,,Candidatus Brocadia sinica,Ca. B. sinica,Anammox,seq0113,SP,0.9945,high,yes,CS pos: 23-24. Pr: 0.9510,Periplasmic,9.44,SCL-BLAST,1,no,0.11,0.06,9.44,0.06,0.33
GCF_000949635.1,WP_052563021.1,MULTISPECIES: multiheme c-type cytochrome [Candidatus Brocadia],549,8,0,8,20,,,,,,Candidatus Brocadia sinica,Ca. B. sinica,Anammox,seq0114,LIPO,1.0000,high,yes,CS pos: 18-19. Pr: 0.9875,Unknown,,CytoSVM;SCL-BLAST,2,no,0.05,0.00,4.48,0.06,5.41
GCF_000949635.1,WP_052564011.1,MULTISPECIES: multiheme c-type cytochrome [Candidatus Brocadia],529,8,0,8,18,,,,,,Candidatus Brocadia sinica,Ca. B. sinica,Anammox,seq0115,SP,0.8489,medium,yes,CS pos: 32-33. Pr: 0.8002,Periplasmic,10.00,PPSVM;SCL-BLAST,2,no,0.00,0.00,10.00,0.00,0.00
GCF_000949635.1,WP_052564200.1,multiheme c-type cytochrome [Candidatus Brocadia sinica],537,8,0,8,20,,,,,,Candidatus Brocadia sinica,Ca. B. sinica,Anammox,seq0116,LIPO,0.6565,low,yes,CS pos: 26-27. Pr: 0.6198,Periplasmic,9.76,CytoSVM;SCL-BLAST;Signal,3,no,0.11,0.00,9.76,0.12,0.00
GCF_000949635.1,WP_052564297.1,cytochrome c3 family protein [Candidatus Brocadia sinica],621,8,0,8,21,,,,,,Candidatus Brocadia sinica,Ca. B. sinica,Anammox,seq0117,OTHER,0.6048,low,no,,not_submitted,,,,no,,,,,
GCF_000949635.1,WP_052564507.1,MULTISPECIES: multiheme c-type cytochrome [Candidatus Brocadia],875,8,0,8,19,,,,,,Candidatus Brocadia sinica,Ca. B. sinica,Anammox,seq0118,SP,0.9990,high,yes,CS pos: 25-26. Pr: 0.9643,Periplasmic,9.99,CytoSVM;PPSVM;SCL-BLAST,3,no,0.00,0.00,9.99,0.00,0.01
GCF_000949635.1,WP_052564936.1,MULTISPECIES: multiheme c-type cytochrome [Candidatus Brocadia],453,8,0,8,22,,,,,,Candidatus Brocadia sinica,Ca. B. sinica,Anammox,seq0119,LIPO,0.9996,high,yes,CS pos: 30-31. Pr: 0.9946,Unknown,,CytoSVM;SCL-BLAST,2,no,0.05,0.00,4.48,0.06,5.41
GCF_000949635.1,WP_082059321.1,MULTISPECIES: multiheme c-type cytochrome [Candidatus Brocadia],496,8,0,8,18,,,,,,Candidatus Brocadia sinica,Ca. B. sinica,Anammox,seq0120,SP,0.9992,high,yes,CS pos: 23-24. Pr: 0.9742,Periplasmic,9.76,SCL-BLAST;Signal,2,no,0.11,0.06,9.76,0.06,0.00
GCF_000949635.1,WP_157842478.1,MULTISPECIES: c-type cytochrome [Candidatus Brocadia],954,8,0,8,16,,,,,,Candidatus Brocadia sinica,Ca. B. sinica,Anammox,seq0121,OTHER,1.0000,high,no,,not_submitted,,,,no,,,,,
GCF_000949635.1,WP_162183211.1,MULTISPECIES: cytochrome c3 family protein [Candidatus Brocadia],616,8,0,8,18,,,,,,Candidatus Brocadia sinica,Ca. B. sinica,Anammox,seq0122,SP,0.7542,medium,yes,CS pos: 26-27. Pr: 0.7261,Unknown,,Signal,1,no,2.50,2.50,2.50,2.50,0.00
GCF_000968535.2,WP_014148309.1,multiheme c-type cytochrome [Methylotuvimicrobium alcaliphilum],551,8,0,8,16,,,,,,Methylotuvimicrobium alcaliphilum 20Z,Mt. alcaliphilum,Type I MOB (Gammaproteobacteria),seq0123,SP,0.9971,high,yes,CS pos: 27-28. Pr: 0.9655,Periplasmic,10.00,PPSVM;SCL-BLAST;Signal,3,no,0.00,0.00,10.00,0.00,0.00
GCF_001273775.1,WP_053378997.1,multiheme c-type cytochrome [Nitrospira moscoviensis],474,8,0,8,17,,,,,,Nitrospira moscoviensis,N. moscoviensis,Ecological control,seq0124,OTHER,1.0000,high,no,,not_submitted,,,,no,,,,,
GCF_001753675.2,WP_070065825.1,multiheme c-type cytochrome [Candidatus Brocadia sapporoensis],535,8,0,8,20,,,,,,Candidatus Brocadia sapporoensis,Ca. B. sapporoensis,Anammox,seq0125,SP,0.5033,low,yes,CS pos: 33-34. Pr: 0.4779,Unknown,,CytoSVM;SCL-BLAST,2,no,0.05,0.00,4.48,0.06,5.41
GCF_001753675.2,WP_070066050.1,multiheme c-type cytochrome [Candidatus Brocadia sapporoensis],552,8,0,8,18,,,,,,Candidatus Brocadia sapporoensis,Ca. B. sapporoensis,Anammox,seq0126,SP,0.9992,high,yes,CS pos: 29-30. Pr: 0.9095,Periplasmic,9.99,CytoSVM;PPSVM;SCL-BLAST,3,no,0.00,0.00,9.99,0.00,0.01
GCF_001753675.2,WP_070066632.1,multiheme c-type cytochrome [Candidatus Brocadia sapporoensis],483,8,0,8,18,,,,,,Candidatus Brocadia sapporoensis,Ca. B. sapporoensis,Anammox,seq0127,SP,0.9991,high,yes,CS pos: 23-24. Pr: 0.9745,Periplasmic,9.99,CytoSVM;PPSVM;SCL-BLAST,3,no,0.00,0.00,9.99,0.00,0.01
GCF_001753675.2,WP_070066811.1,multiheme c-type cytochrome [Candidatus Brocadia sapporoensis],536,8,0,8,17,,,,,,Candidatus Brocadia sapporoensis,Ca. B. sapporoensis,Anammox,seq0128,SP,0.9988,high,yes,CS pos: 21-22. Pr: 0.9771,Periplasmic,9.76,CytoSVM;SCL-BLAST;Signal,3,no,0.11,0.00,9.76,0.12,0.00
GCF_001753675.2,WP_070067189.1,multiheme c-type cytochrome [Candidatus Brocadia sapporoensis],549,8,0,8,20,,,,,,Candidatus Brocadia sapporoensis,Ca. B. sapporoensis,Anammox,seq0129,LIPO,0.9990,high,yes,CS pos: 18-19. Pr: 0.9706,Unknown,,CytoSVM;SCL-BLAST,2,no,0.05,0.00,4.48,0.06,5.41
GCF_001753675.2,WP_070067420.1,c-type cytochrome [Candidatus Brocadia sapporoensis],946,8,0,8,16,,,,,,Candidatus Brocadia sapporoensis,Ca. B. sapporoensis,Anammox,seq0130,OTHER,1.0000,high,no,,not_submitted,,,,no,,,,,
GCF_001753675.2,WP_070067859.1,multiheme c-type cytochrome [Candidatus Brocadia sapporoensis],581,8,0,8,16,,,,,,Candidatus Brocadia sapporoensis,Ca. B. sapporoensis,Anammox,seq0131,SP,0.9990,high,yes,CS pos: 26-27. Pr: 0.9691,Unknown,,CytoSVM;SCL-BLAST,2,no,0.05,0.00,4.48,0.06,5.41
GCF_001753675.2,WP_070067919.1,multiheme c-type cytochrome [Candidatus Brocadia sapporoensis],542,8,0,8,18,,,,,,Candidatus Brocadia sapporoensis,Ca. B. sapporoensis,Anammox,seq0132,LIPO,0.9997,high,yes,CS pos: 25-26. Pr: 0.9916,Periplasmic,9.99,CytoSVM;PPSVM;SCL-BLAST,3,no,0.00,0.00,9.99,0.00,0.01
GCF_001753675.2,WP_080324769.1,multiheme c-type cytochrome [Candidatus Brocadia sapporoensis],511,8,0,8,21,,,,,,Candidatus Brocadia sapporoensis,Ca. B. sapporoensis,Anammox,seq0133,OTHER,1.0000,high,no,,not_submitted,,,,no,,,,,
GCF_001753675.2,WP_080324860.1,tetratricopeptide repeat protein [Candidatus Brocadia sapporoensis],779,8,0,8,21,,,,,,Candidatus Brocadia sapporoensis,Ca. B. sapporoensis,Anammox,seq0134,LIPO,1.0000,high,yes,CS pos: 16-17. Pr: 0.9937,Cytoplasmic,8.96,CytoSVM,1,no,0.26,0.01,0.26,0.51,8.96
GCF_011066545.1,WP_099325351.1,MULTISPECIES: multiheme c-type cytochrome [Candidatus Kuenenia],545,8,0,8,16,,,,,,Candidatus Kuenenia stuttgartiensis,Ca. K. stuttgartiensis,Anammox,seq0135,SP,0.9987,high,yes,CS pos: 31-32. Pr: 0.8451,Unknown,,CytoSVM;SCL-BLAST,2,no,0.05,0.00,4.48,0.06,5.41
GCF_011066545.1,WP_099325788.1,MULTISPECIES: hydroxylamine oxidase [Candidatus Kuenenia],536,8,0,8,19,,,,,,Candidatus Kuenenia stuttgartiensis,Ca. K. stuttgartiensis,Anammox,seq0136,LIPO,0.5654,low,yes,CS pos: 26-27. Pr: 0.5253,Periplasmic,9.76,CytoSVM;SCL-BLAST;Signal,3,no,0.11,0.00,9.76,0.12,0.00
GCF_011066545.1,WP_099326403.1,MULTISPECIES: multiheme c-type cytochrome [Candidatus Kuenenia],499,8,0,8,20,,,,,,Candidatus Kuenenia stuttgartiensis,Ca. K. stuttgartiensis,Anammox,seq0137,SP,0.9990,high,yes,CS pos: 23-24. Pr: 0.9779,Unknown,,CytoSVM;SCL-BLAST,2,no,0.05,0.00,4.48,0.06,5.41
GCF_011066545.1,WP_099326442.1,MULTISPECIES: multiheme c-type cytochrome [Candidatus Kuenenia],852,8,0,8,23,,,,,,Candidatus Kuenenia stuttgartiensis,Ca. K. stuttgartiensis,Anammox,seq0138,SP,0.9987,high,yes,CS pos: 27-28. Pr: 0.9711,Unknown,,CytoSVM;SCL-BLAST,2,no,0.05,0.00,4.48,0.06,5.41
GCF_011066545.1,WP_099326726.1,MULTISPECIES: multiheme c-type cytochrome [Candidatus Kuenenia],584,8,0,8,17,,,,,,Candidatus Kuenenia stuttgartiensis,Ca. K. stuttgartiensis,Anammox,seq0139,SP,0.9989,high,yes,CS pos: 29-30. Pr: 0.9680,Unknown,,CytoSVM;SCL-BLAST,2,no,0.05,0.00,4.48,0.06,5.41
GCF_011066545.1,WP_164994417.1,multiheme c-type cytochrome [Candidatus Kuenenia stuttgartensis],554,8,0,8,18,,,,,,Candidatus Kuenenia stuttgartiensis,Ca. K. stuttgartiensis,Anammox,seq0140,SP,0.9986,high,yes,CS pos: 26-27. Pr: 0.9772,Periplasmic,9.99,CytoSVM;PPSVM;SCL-BLAST,3,no,0.00,0.00,9.99,0.00,0.01
GCF_011066545.1,WP_164994550.1,c-type cytochrome [Candidatus Kuenenia stuttgartensis],946,8,0,8,17,,,,,,Candidatus Kuenenia stuttgartiensis,Ca. K. stuttgartiensis,Anammox,seq0141,OTHER,1.0000,high,no,,not_submitted,,,,no,,,,,
GCF_011066545.1,WP_164995292.1,multiheme c-type cytochrome [Candidatus Kuenenia stuttgartensis],433,8,0,8,20,,,,,,Candidatus Kuenenia stuttgartiensis,Ca. K. stuttgartiensis,Anammox,seq0142,LIPO,0.8034,medium,yes,CS pos: 28-29. Pr: 0.7646,Unknown,,CytoSVM;SCL-BLAST,2,no,0.05,0.00,4.48,0.06,5.41
GCF_011066545.1,WP_230405693.1,MULTISPECIES: multiheme c-type cytochrome [Candidatus Kuenenia],591,8,0,8,19,,,,,,Candidatus Kuenenia stuttgartiensis,Ca. K. stuttgartiensis,Anammox,seq0143,OTHER,0.5542,low,no,,not_submitted,,,,no,,,,,
GCF_027571405.1,WP_016919490.1,multiheme c-type cytochrome [Methylocystis parvus],569,8,0,8,17,,,,,,Methylocystis parvus OBBP,M. parvus,Type II MOB (Alphaproteobacteria),seq0144,SP,0.9988,high,yes,CS pos: 32-33. Pr: 0.9689,Periplasmic,9.76,SCL-BLAST;Signal,2,no,0.11,0.06,9.76,0.06,0.00
GCF_027571405.1,WP_154419847.1,tetratricopeptide repeat protein [Methylocystis parvus],763,8,0,8,17,,,,,,Methylocystis parvus OBBP,M. parvus,Type II MOB (Alphaproteobacteria),seq0145,SP,0.9992,high,yes,CS pos: 23-24. Pr: 0.9035,Unknown,,Signal,1,no,2.50,2.50,2.50,2.50,0.00
GCF_054182965.1,WP_011111571.1,MULTISPECIES: hydroxylamine oxidoreductase [Nitrosomonas],570,8,0,8,18,,,,,,Nitrosomonas europaea,N. europaea,Methodological control,seq0146,SP,0.9589,high,yes,CS pos: 24-25. Pr: 0.9278,Periplasmic,10.00,PPSVM;SCL-BLAST;SCL-BLASTe;Signal,4,no,0.00,0.00,10.00,0.00,0.00
GCF_949769195.1,WP_036269067.1,multiheme c-type cytochrome [Methylocaldum szegediense],539,8,0,8,16,,,,,,Methylocaldum szegediense,M. szegediense,Type I MOB (Gammaproteobacteria),seq0147,SP,0.9992,high,yes,CS pos: 24-25. Pr: 0.9777,Periplasmic,9.76,SCL-BLAST;Signal,2,no,0.11,0.06,9.76,0.06,0.00
GCF_949769195.1,WP_051331836.1,tetratricopeptide repeat protein [Methylocaldum szegediense],759,8,0,8,17,,,,,,Methylocaldum szegediense,M. szegediense,Type I MOB (Gammaproteobacteria),seq0148,SP,0.9988,high,yes,CS pos: 25-26. Pr: 0.9451,Unknown,,CytoSVM;Signal,2,no,2.50,0.10,2.50,4.90,0.00
GCA_030583625.1,WKZ14896.1,MAG: hypothetical protein QY317_13435 [Candidatus Jettenia caeni],258,0,7,7,24,,,,,,Candidatus Jettenia caeni,Ca. J. caeni,Anammox,seq0149,OTHER,0.9987,high,no,,not_submitted,,,,no,,,,,
GCA_030583625.1,WKZ16910.1,MAG: multiheme c-type cytochrome [Candidatus Jettenia caeni],568,7,0,7,22,,,,,,Candidatus Jettenia caeni,Ca. J. caeni,Anammox,seq0150,LIPO,0.6283,low,yes,CS pos: 15-16. Pr: 0.5971,Periplasmic,9.76,CytoSVM;SCL-BLAST;Signal,3,no,0.11,0.00,9.76,0.12,0.00
GCA_030583625.1,WKZ17374.1,MAG: multiheme c-type cytochrome [Candidatus Jettenia caeni],568,7,0,7,22,,,,,,Candidatus Jettenia caeni,Ca. J. caeni,Anammox,seq0151,LIPO,0.6993,low,yes,CS pos: 15-16. Pr: 0.6651,Periplasmic,9.76,CytoSVM;SCL-BLAST;Signal,3,no,0.11,0.00,9.76,0.12,0.00
GCF_000007985.2,WP_010941257.1,cytochrome c3 family protein [Geobacter sulfurreducens],349,7,0,7,14,,,,,,Geobacter sulfurreducens PCA,G. sulfurreducens,Positive control (EET),seq0152,SP,0.9991,high,yes,CS pos: 23-24. Pr: 0.9783,Periplasmic,9.84,PPSVM;Signal,2,no,0.14,0.01,9.84,0.01,0.00
GCF_000007985.2,WP_010941988.1,IPT/TIG domain-containing protein [Geobacter sulfurreducens],479,7,0,7,16,,,,,,Geobacter sulfurreducens PCA,G. sulfurreducens,Positive control (EET),seq0153,OTHER,0.8120,medium,no,,not_submitted,,,,no,,,,,
GCF_000007985.2,WP_010942430.1,multiheme c-type cytochrome [Geobacter sulfurreducens],363,7,0,7,17,,,,,,Geobacter sulfurreducens PCA,G. sulfurreducens,Positive control (EET),seq0154,SP,0.9992,high,yes,CS pos: 20-21. Pr: 0.9782,Unknown,,CytoSVM;Signal,2,no,2.50,0.10,2.50,4.90,0.00
GCF_000007985.2,WP_010942718.1,IPT/TIG domain-containing protein [Geobacter sulfurreducens],473,7,0,7,16,,,,,,Geobacter sulfurreducens PCA,G. sulfurreducens,Positive control (EET),seq0155,SP,0.9990,high,yes,CS pos: 24-25. Pr: 0.9563,Extracellular,9.65,ECSVM;Signal,2,yes,9.65,0.23,0.11,0.01,0.00
GCF_000007985.2,WP_010943515.1,cytochrome c [Geobacter sulfurreducens],353,7,0,7,16,,,,,,Geobacter sulfurreducens PCA,G. sulfurreducens,Positive control (EET),seq0156,SP,0.9992,high,yes,CS pos: 20-21. Pr: 0.9767,Extracellular,9.65,ECSVM;Signal,2,yes,9.65,0.23,0.11,0.01,0.00
GCF_000007985.2,WP_010943845.1,PKD domain-containing protein [Geobacter sulfurreducens],991,7,0,7,19,,,,,,Geobacter sulfurreducens PCA,G. sulfurreducens,Positive control (EET),seq0157,OTHER,1.0000,high,no,,not_submitted,,,,no,,,,,
GCF_000007985.2,WP_010943849.1,PKD domain-containing protein [Geobacter sulfurreducens],1063,7,0,7,16,,,,,,Geobacter sulfurreducens PCA,G. sulfurreducens,Positive control (EET),seq0158,OTHER,0.9999,high,no,,not_submitted,,,,no,,,,,
GCF_000008325.1,WP_010959785.1,hypothetical protein [Methylococcus capsulatus],916,7,0,7,18,,,,,,Methylococcus capsulatus Bath,M. capsulatus,Type I MOB (Gammaproteobacteria),seq0159,SP,0.9941,high,yes,CS pos: 27-28. Pr: 0.9577,Unknown,,Signal,1,no,2.50,2.50,2.50,2.50,0.00
GCF_000008325.1,WP_041360671.1,hypothetical protein [Methylococcus capsulatus],203,7,0,7,14,,,,,,Methylococcus capsulatus Bath,M. capsulatus,Type I MOB (Gammaproteobacteria),seq0160,SP,0.9993,high,yes,CS pos: 20-21. Pr: 0.9755,Cytoplasmic,8.96,CytoSVM,1,no,0.26,0.01,0.26,0.51,8.96
GCF_000008325.1,WP_228370253.1,cytochrome C [Methylococcus capsulatus],923,7,0,7,19,,,,,,Methylococcus capsulatus Bath,M. capsulatus,Type I MOB (Gammaproteobacteria),seq0161,SP,0.8147,medium,yes,CS pos: 32-33. Pr: 0.7865,Cytoplasmic,8.96,CytoSVM,1,no,0.26,0.01,0.26,0.51,8.96
GCF_000019665.1,WP_012463936.1,cytochrome c3 family protein [Candidatus Methylacidiphilum infernorum],798,7,0,7,18,,,,,,Methylacidiphilum infernorum V4,M. infernorum,Verrucomicrobial MOB,seq0162,SP,0.9976,high,yes,CS pos: 21-22. Pr: 0.5912,Periplasmic,9.84,PPSVM;Signal,2,no,0.14,0.01,9.84,0.01,0.00
GCF_000146165.2,WP_011070829.1,dissimilatory sulfite reductase SirA [Shewanella oneidensis],708,7,0,7,20,,,,,,Shewanella oneidensis MR-1,S. oneidensis,Positive control (EET),seq0163,SP,0.9991,high,yes,CS pos: 26-27. Pr: 0.5992,Periplasmic,9.84,CytoSVM;PPSVM;Signal,3,no,0.14,0.00,9.84,0.02,0.00
GCF_000297415.1,WP_009059285.1,hypothetical protein [Candidatus Methylacidiphilum fumarolicum],803,7,0,7,18,,,,,,Methylacidiphilum fumariolicum SolV,M. fumariolicum,Verrucomicrobial MOB,seq0164,SP,0.9958,high,yes,CS pos: 29-30. Pr: 0.9729,Periplasmic,9.83,PPSVM,1,no,0.14,0.01,9.83,0.01,0.01
GCF_000685155.1,WP_048092326.1,cytochrome c3 family protein [Candidatus Methanoperedens nitratireducens],277,7,0,7,15,,,,,,Candidatus Methanoperedens nitroreducens,Ca. M. nitroreducens,ANME-2d archaeon,seq0165,OTHER,1.0000,high,no,,not_submitted,,,,no,,,,,
GCF_000786775.1,WP_034402740.1,"hypothetical protein, partial [Candidatus Scalindua brodae]",404,7,0,7,17,,,,,,Candidatus Scalindua brodae,Ca. S. brodae,Anammox,seq0166,OTHER,1.0000,high,no,,not_submitted,,,,no,,,,,
GCF_000786775.1,WP_034403701.1,"hypothetical protein, partial [Candidatus Scalindua brodae]",471,7,0,7,14,,,,,,Candidatus Scalindua brodae,Ca. S. brodae,Anammox,seq0167,OTHER,1.0000,high,no,,not_submitted,,,,no,,,,,
GCF_000786775.1,WP_034404559.1,hypothetical protein [Candidatus Scalindua brodae],581,7,0,7,24,,,,,,Candidatus Scalindua brodae,Ca. S. brodae,Anammox,seq0168,OTHER,0.6982,low,no,,not_submitted,,,,no,,,,,
GCF_000786775.1,WP_034408248.1,hypothetical protein [Candidatus Scalindua brodae],565,7,0,7,25,,,,,,Candidatus Scalindua brodae,Ca. S. brodae,Anammox,seq0169,LIPO,0.7302,medium,yes,CS pos: 21-22. Pr: 0.5489,Periplasmic,9.44,SCL-BLAST,1,no,0.11,0.06,9.44,0.06,0.33
GCF_000786775.1,WP_034410536.1,hypothetical protein [Candidatus Scalindua brodae],351,7,0,7,15,,,,,,Candidatus Scalindua brodae,Ca. S. brodae,Anammox,seq0170,SP,0.9985,high,yes,CS pos: 26-27. Pr: 0.9755,Periplasmic,9.76,CytoSVM;SCL-BLAST;Signal,3,no,0.11,0.00,9.76,0.12,0.00
GCF_000949635.1,WP_052563890.1,MULTISPECIES: hydrazine dehydrogenase [Candidatus Brocadia],581,7,0,7,24,,,,,,Candidatus Brocadia sinica,Ca. B. sinica,Anammox,seq0171,SP,0.5473,low,yes,CS pos: 32-33. Pr: 0.4706,Unknown,,CytoSVM;SCL-BLAST,2,no,0.05,0.00,4.48,0.06,5.41
GCF_000949635.1,WP_052564202.1,hydrazine dehydrogenase [Candidatus Brocadia sinica],581,7,0,7,23,,,,,,Candidatus Brocadia sinica,Ca. B. sinica,Anammox,seq0172,SP,0.5859,low,yes,CS pos: 32-33. Pr: 0.5269,Unknown,,CytoSVM;SCL-BLAST,2,no,0.05,0.00,4.48,0.06,5.41
GCF_011066545.1,WP_099324501.1,MULTISPECIES: hydrazine dehydrogenase [Candidatus Kuenenia],577,7,0,7,22,,,,,,Candidatus Kuenenia stuttgartiensis,Ca. K. stuttgartiensis,Anammox,seq0173,SP,0.6940,low,yes,CS pos: 32-33. Pr: 0.6191,Unknown,,CytoSVM;SCL-BLAST,2,no,0.05,0.00,4.48,0.06,5.41
GCF_011066545.1,WP_164995586.1,hydrazine dehydrogenase [Candidatus Kuenenia stuttgartensis],582,7,0,7,22,,,,,,Candidatus Kuenenia stuttgartiensis,Ca. K. stuttgartiensis,Anammox,seq0174,SP,0.6940,low,yes,CS pos: 32-33. Pr: 0.6191,Unknown,,CytoSVM;SCL-BLAST,2,no,0.05,0.00,4.48,0.06,5.41
GCA_030583625.1,WKZ15076.1,MAG: hypothetical protein QY317_14350 [Candidatus Jettenia caeni],348,6,0,6,17,,,,,,Candidatus Jettenia caeni,Ca. J. caeni,Anammox,seq0175,SP,0.9654,high,yes,CS pos: 41-42. Pr: 0.8991,Cytoplasmic,8.96,CytoSVM,1,no,0.26,0.01,0.26,0.51,8.96
GCA_030583625.1,WKZ15227.1,MAG: multiheme c-type cytochrome [Candidatus Jettenia caeni],344,6,0,6,12,,,,,,Candidatus Jettenia caeni,Ca. J. caeni,Anammox,seq0176,OTHER,1.0000,high,no,,not_submitted,,,,no,,,,,
GCF_000007985.2,WP_010941362.1,cytochrome c [Geobacter sulfurreducens],427,6,0,6,14,,,,,,Geobacter sulfurreducens PCA,G. sulfurreducens,Positive control (EET),seq0177,SP,0.9990,high,yes,CS pos: 24-25. Pr: 0.9740,Unknown,,,0,no,2.00,2.00,2.00,2.00,2.00
GCF_000007985.2,WP_010942931.1,cytochrome c3 family protein [Geobacter sulfurreducens],179,6,0,6,13,,,,,,Geobacter sulfurreducens PCA,G. sulfurreducens,Positive control (EET),seq0178,SP,0.9988,high,yes,CS pos: 28-29. Pr: 0.9670,Unknown,,Signal,1,no,2.50,2.50,2.50,2.50,0.00
GCF_000007985.2,WP_010943138.1,cytochrome c [Geobacter sulfurreducens],437,6,0,6,12,,,,,,Geobacter sulfurreducens PCA,G. sulfurreducens,Positive control (EET),seq0179,SP,0.9990,high,yes,CS pos: 23-24. Pr: 0.9797,Periplasmic,9.83,PPSVM,1,no,0.14,0.01,9.83,0.01,0.01
GCF_000007985.2,WP_010943140.1,cytochrome c [Geobacter sulfurreducens],430,6,0,6,12,,,,,,Geobacter sulfurreducens PCA,G. sulfurreducens,Positive control (EET),seq0180,SP,0.9990,high,yes,CS pos: 25-26. Pr: 0.9720,Periplasmic,9.83,PPSVM,1,no,0.14,0.01,9.83,0.01,0.01
GCF_000007985.2,WP_010943141.1,c-type cytochrome OmcS [Geobacter sulfurreducens],432,6,0,6,12,,,,,,Geobacter sulfurreducens PCA,G. sulfurreducens,Positive control (EET),seq0181,SP,0.9991,high,yes,CS pos: 25-26. Pr: 0.9740,Extracellular,9.65,ECSVM;Signal,2,yes,9.65,0.23,0.11,0.01,0.00
GCF_000007985.2,WP_010943280.1,cytochrome c [Geobacter sulfurreducens],229,6,0,6,13,,,,,,Geobacter sulfurreducens PCA,G. sulfurreducens,Positive control (EET),seq0182,LIPO,1.0000,high,yes,CS pos: 17-18. Pr: 0.9970,Unknown,,Signal,1,no,2.50,2.50,2.50,2.50,0.00
GCF_000007985.2,WP_010943435.1,cytochrome c3 family protein [Geobacter sulfurreducens],189,6,0,6,13,,,,,,Geobacter sulfurreducens PCA,G. sulfurreducens,Positive control (EET),seq0183,SP,0.5916,low,yes,CS pos: 29-30. Pr: 0.5612,Unknown,,Signal,1,no,2.50,2.50,2.50,2.50,0.00
GCF_000007985.2,WP_010943871.1,cytochrome c3 family protein [Geobacter sulfurreducens],507,6,0,6,14,,,,,,Geobacter sulfurreducens PCA,G. sulfurreducens,Positive control (EET),seq0184,OTHER,1.0000,high,no,,not_submitted,,,,no,,,,,
GCF_000008325.1,WP_041360673.1,hypothetical protein [Methylococcus capsulatus],293,6,0,6,12,,,,,,Methylococcus capsulatus Bath,M. capsulatus,Type I MOB (Gammaproteobacteria),seq0185,OTHER,0.7587,medium,no,,not_submitted,,,,no,,,,,
GCF_000008325.1,WP_228370255.1,assimilatory sulfite reductase (NADPH) flavoprotein subunit [Methylococcus capsulatus],972,6,0,6,27,,,,,,Methylococcus capsulatus Bath,M. capsulatus,Type I MOB (Gammaproteobacteria),seq0186,SP,0.9987,high,yes,CS pos: 23-24. Pr: 0.9731,CytoplasmicMembrane,7.88,CytoSVM;SCL-BLAST,2,no,0.00,0.00,0.00,7.88,2.11
GCF_000091165.1,WP_044595711.1,"hypothetical protein, partial [Candidatus Methylomirabilis oxyfera]",500,6,0,6,13,,,,,,Candidatus Methylomirabilis oxyfera,Ca. M. oxyfera,n-DAMO bacterium (NC10),seq0187,OTHER,0.9999,high,no,,not_submitted,,,,no,,,,,
GCF_000496735.2,WP_036308105.1,c-type cytochrome [Methyloglobulus morosus],698,6,0,6,12,,,,,,Methyloglobulus morosus KoM1,M. morosus,Type I MOB (Gammaproteobacteria),seq0188,SP,0.9992,high,yes,CS pos: 27-28. Pr: 0.9744,Cytoplasmic,8.96,CytoSVM,1,no,0.26,0.01,0.26,0.51,8.96
GCF_000496735.2,WP_161808515.1,c-type cytochrome [Methyloglobulus morosus],652,6,0,6,13,,,,,,Methyloglobulus morosus KoM1,M. morosus,Type I MOB (Gammaproteobacteria),seq0189,OTHER,1.0000,high,no,,not_submitted,,,,no,,,,,
GCF_000685155.1,WP_048092707.1,hypothetical protein [Candidatus Methanoperedens nitratireducens],199,6,0,6,12,,,,,,Candidatus Methanoperedens nitroreducens,Ca. M. nitroreducens,ANME-2d archaeon,seq0190,SP,0.9992,high,yes,CS pos: 28-29. Pr: 0.9747,Cytoplasmic,8.96,CytoSVM,1,no,0.26,0.01,0.26,0.51,8.96
GCF_000685155.1,WP_157833896.1,ammonia-forming cytochrome c nitrite reductase subunit c552 [Candidatus Methanoperedens nitratireducens],301,6,0,6,14,,,,,,Candidatus Methanoperedens nitroreducens,Ca. M. nitroreducens,ANME-2d archaeon,seq0191,SP,0.9992,high,yes,CS pos: 16-17. Pr: 0.9806,Unknown,,,0,no,2.00,2.00,2.00,2.00,2.00
GCF_000685155.1,WP_157833929.1,molecular chaperone DnaJ [Candidatus Methanoperedens nitratireducens],179,6,0,6,12,,,,,,Candidatus Methanoperedens nitroreducens,Ca. M. nitroreducens,ANME-2d archaeon,seq0192,SP,0.9992,high,yes,CS pos: 23-24. Pr: 0.9733,Unknown,,,0,no,2.00,2.00,2.00,2.00,2.00
GCF_000786775.1,WP_034410203.1,hypothetical protein [Candidatus Scalindua brodae],335,6,0,6,18,,,,,,Candidatus Scalindua brodae,Ca. S. brodae,Anammox,seq0193,OTHER,0.7298,medium,no,,not_submitted,,,,no,,,,,
GCF_000949635.1,WP_052561384.1,MULTISPECIES: hypothetical protein [Candidatus Brocadia],375,6,0,6,14,,,,,,Candidatus Brocadia sinica,Ca. B. sinica,Anammox,seq0194,OTHER,0.6107,low,no,,not_submitted,,,,no,,,,,
GCF_000949635.1,WP_052562059.1,MULTISPECIES: multiheme c-type cytochrome [Candidatus Brocadia],363,6,0,6,12,,,,,,Candidatus Brocadia sinica,Ca. B. sinica,Anammox,seq0195,OTHER,0.9974,high,no,,not_submitted,,,,no,,,,,
GCF_000949635.1,WP_052564196.1,MULTISPECIES: hypothetical protein [Candidatus Brocadia],350,6,0,6,16,,,,,,Candidatus Brocadia sinica,Ca. B. sinica,Anammox,seq0196,SP,0.9976,high,yes,CS pos: 42-43. Pr: 0.9562,Cytoplasmic,8.96,CytoSVM,1,no,0.26,0.01,0.26,0.51,8.96
GCF_000949635.1,WP_157842289.1,MULTISPECIES: multiheme c-type cytochrome [Candidatus Brocadia],439,6,0,6,14,,,,,,Candidatus Brocadia sinica,Ca. B. sinica,Anammox,seq0197,OTHER,1.0000,high,no,,not_submitted,,,,no,,,,,
GCF_001273775.1,WP_053380978.1,cytochrome c3 family protein [Nitrospira moscoviensis],236,6,0,6,12,,,,,,Nitrospira moscoviensis,N. moscoviensis,Ecological control,seq0198,SP,0.9989,high,yes,CS pos: 24-25. Pr: 0.9216,Periplasmic,9.84,PPSVM;Signal,2,no,0.14,0.01,9.84,0.01,0.00
GCF_001753675.2,WP_070066582.1,hypothetical protein [Candidatus Brocadia sapporoensis],350,6,0,6,16,,,,,,Candidatus Brocadia sapporoensis,Ca. B. sapporoensis,Anammox,seq0199,OTHER,0.6657,low,no,,not_submitted,,,,no,,,,,
GCF_001753675.2,WP_070067858.1,multiheme c-type cytochrome [Candidatus Brocadia sapporoensis],363,6,0,6,12,,,,,,Candidatus Brocadia sapporoensis,Ca. B. sapporoensis,Anammox,seq0200,OTHER,0.8354,medium,no,,not_submitted,,,,no,,,,,
GCF_011066545.1,WP_099326587.1,MULTISPECIES: hypothetical protein [Candidatus Kuenenia],347,6,0,6,17,,,,,,Candidatus Kuenenia stuttgartiensis,Ca. K. stuttgartiensis,Anammox,seq0201,SP,0.6666,low,yes,CS pos: 35-36. Pr: 0.3567,Cytoplasmic,8.96,CytoSVM,1,no,0.26,0.01,0.26,0.51,8.96
GCF_011066545.1,WP_157820736.1,MULTISPECIES: multiheme c-type cytochrome [Candidatus Kuenenia],363,6,0,6,13,,,,,,Candidatus Kuenenia stuttgartiensis,Ca. K. stuttgartiensis,Anammox,seq0202,OTHER,0.8451,medium,no,,not_submitted,,,,no,,,,,
GCF_011066545.1,WP_164995121.1,MULTISPECIES: hypothetical protein [Candidatus Kuenenia],183,0,6,6,16,,,,,,Candidatus Kuenenia stuttgartiensis,Ca. K. stuttgartiensis,Anammox,seq0203,SP,0.9988,high,yes,CS pos: 29-30. Pr: 0.9339,Cytoplasmic,8.96,CytoSVM,1,no,0.26,0.01,0.26,0.51,8.96
GCA_030583625.1,WKZ15107.1,MAG: multiheme c-type cytochrome [Candidatus Jettenia caeni],476,5,0,5,12,,,,,,Candidatus Jettenia caeni,Ca. J. caeni,Anammox,seq0204,SP,0.9991,high,yes,CS pos: 25-26. Pr: 0.9733,Periplasmic,9.84,CytoSVM;PPSVM;Signal,3,no,0.14,0.00,9.84,0.02,0.00
GCA_030583625.1,WKZ16134.1,MAG: multiheme c-type cytochrome [Candidatus Jettenia caeni],327,5,0,5,15,,,,,,Candidatus Jettenia caeni,Ca. J. caeni,Anammox,seq0205,LIPO,1.0000,high,yes,CS pos: 26-27. Pr: 0.9935,Cytoplasmic,8.96,CytoSVM,1,no,0.26,0.01,0.26,0.51,8.96
GCA_030583625.1,WKZ16136.1,MAG: cytochrome c3 family protein [Candidatus Jettenia caeni],320,5,0,5,12,,,,,,Candidatus Jettenia caeni,Ca. J. caeni,Anammox,seq0206,SP,0.9992,high,yes,CS pos: 23-24. Pr: 0.9794,Unknown,,,0,no,2.00,2.00,2.00,2.00,2.00
GCA_030583625.1,WKZ16247.1,MAG: ammonia-forming cytochrome c nitrite reductase subunit c552 [Candidatus Jettenia caeni],472,5,0,5,11,,,,,,Candidatus Jettenia caeni,Ca. J. caeni,Anammox,seq0207,OTHER,1.0000,high,no,,not_submitted,,,,no,,,,,
GCA_030583625.1,WKZ16863.1,MAG: multiheme c-type cytochrome [Candidatus Jettenia caeni],257,5,0,5,10,,,,,,Candidatus Jettenia caeni,Ca. J. caeni,Anammox,seq0208,SP,0.9992,high,yes,CS pos: 23-24. Pr: 0.9738,Unknown,,CytoSVM;SCL-BLAST,2,no,0.05,0.00,4.48,0.06,5.41
GCF_000005845.2,NP_415516.1,cytochrome c menaquinol dehydrogenase TorC [Escherichia coli str. K-12 substr. MG1655],390,5,0,5,10,,,,,,Escherichia coli K-12 MG1655,E. coli,Negative control,seq0209,OTHER,1.0000,high,no,,not_submitted,,,,no,,,,,
GCF_000005845.2,NP_416387.1,cytochrome c quinol dehydrogenase TorY [Escherichia coli str. K-12 substr. MG1655],366,5,0,5,10,,,,,,Escherichia coli K-12 MG1655,E. coli,Negative control,seq0210,OTHER,0.6344,low,no,,not_submitted,,,,no,,,,,
GCF_000005845.2,NP_418494.1,cytochrome c552 nitrite reductase [Escherichia coli str. K-12 substr. MG1655],478,4,1,5,10,,,,,,Escherichia coli K-12 MG1655,E. coli,Negative control,seq0211,SP,0.9987,high,yes,CS pos: 26-27. Pr: 0.9783,Periplasmic,10.00,PPSVM;SCL-BLAST;SCL-BLASTe;Signal,4,no,0.00,0.00,10.00,0.00,0.00
GCF_000005845.2,NP_418495.2,periplasmic nitrite reductase penta-heme c-type cytochrome [Escherichia coli str. K-12 substr. MG1655],188,5,0,5,10,,,,,,Escherichia coli K-12 MG1655,E. coli,Negative control,seq0212,SP,0.9981,high,yes,CS pos: 32-33. Pr: 0.9194,Periplasmic,9.84,PPSVM;Signal,2,no,0.14,0.01,9.84,0.01,0.00
GCF_000006765.1,NP_253261.1,cytochrome C [Pseudomonas aeruginosa PAO1],675,5,0,5,12,,,,,,Pseudomonas aeruginosa PAO1,P. aeruginosa,Negative control,seq0213,SP,0.9990,high,yes,CS pos: 23-24. Pr: 0.9745,Periplasmic,9.76,SCL-BLAST;Signal,2,no,0.11,0.06,9.76,0.06,0.00
GCF_000007985.2,WP_010943281.1,cytochrome c [Geobacter sulfurreducens],155,5,0,5,13,,,,,,Geobacter sulfurreducens PCA,G. sulfurreducens,Positive control (EET),seq0214,LIPO,0.8912,medium,yes,CS pos: 20-21. Pr: 0.8238,Unknown,,Signal,1,no,2.50,2.50,2.50,2.50,0.00
GCF_000007985.2,WP_010943360.1,cytochrome c [Geobacter sulfurreducens],157,5,0,5,11,,,,,,Geobacter sulfurreducens PCA,G. sulfurreducens,Positive control (EET),seq0215,LIPO,1.0000,high,yes,CS pos: 21-22. Pr: 0.9854,Unknown,,,0,no,2.00,2.00,2.00,2.00,2.00
GCF_000007985.2,WP_010943428.1,cytochrome c family protein [Geobacter sulfurreducens],488,5,0,5,12,,,,,,Geobacter sulfurreducens PCA,G. sulfurreducens,Positive control (EET),seq0216,SP,0.9992,high,yes,CS pos: 26-27. Pr: 0.9607,Unknown,,CytoSVM;Signal,2,no,2.50,0.10,2.50,4.90,0.00
GCF_000007985.2,WP_010943775.1,ammonia-forming cytochrome c nitrite reductase subunit c552 [Geobacter sulfurreducens],490,4,1,5,11,,,,,,Geobacter sulfurreducens PCA,G. sulfurreducens,Positive control (EET),seq0217,LIPO,1.0000,high,yes,CS pos: 27-28. Pr: 0.9926,Periplasmic,9.76,SCL-BLAST;Signal,2,no,0.11,0.06,9.76,0.06,0.00
GCF_000007985.2,WP_010943840.1,cytochrome c3 family protein [Geobacter sulfurreducens],195,5,0,5,13,,,,,,Geobacter sulfurreducens PCA,G. sulfurreducens,Positive control (EET),seq0218,LIPO,1.0000,high,yes,CS pos: 24-25. Pr: 0.9921,Cytoplasmic,8.96,CytoSVM,1,no,0.26,0.01,0.26,0.51,8.96
GCF_000007985.2,WP_235045011.1,cytochrome C [Geobacter sulfurreducens],246,5,0,5,10,,,,,,Geobacter sulfurreducens PCA,G. sulfurreducens,Positive control (EET),seq0219,OTHER,1.0000,high,no,,not_submitted,,,,no,,,,,
GCF_000007985.2,WP_262421250.1,multiheme c-type cytochrome (seleno)protein ExtKL [Geobacter sulfurreducens],450,5,0,5,13,,,,,,Geobacter sulfurreducens PCA,G. sulfurreducens,Positive control (EET),seq0220,SP,0.9992,high,yes,CS pos: 25-26. Pr: 0.9784,Periplasmic,9.84,CytoSVM;PPSVM;Signal,3,no,0.14,0.00,9.84,0.02,0.00
GCF_000007985.2,WP_338029188.1,cytochrome c3 family protein [Geobacter sulfurreducens],118,5,0,5,10,,,,,,Geobacter sulfurreducens PCA,G. sulfurreducens,Positive control (EET),seq0221,OTHER,1.0000,high,no,,not_submitted,,,,no,,,,,
GCF_000019665.1,WP_012464298.1,cytochrome c3 family protein [Candidatus Methylacidiphilum infernorum],218,5,0,5,10,,,,,,Methylacidiphilum infernorum V4,M. infernorum,Verrucomicrobial MOB,seq0222,OTHER,1.0000,high,no,,not_submitted,,,,no,,,,,
GCF_000091165.1,WP_044595525.1,hypothetical protein [Candidatus Methylomirabilis oxyfera],231,5,0,5,11,,,,,,Candidatus Methylomirabilis oxyfera,Ca. M. oxyfera,n-DAMO bacterium (NC10),seq0223,OTHER,1.0000,high,no,,not_submitted,,,,no,,,,,
GCF_000091165.1,WP_044595790.1,"hypothetical protein, partial [Candidatus Methylomirabilis oxyfera]",404,5,0,5,10,,,,,,Candidatus Methylomirabilis oxyfera,Ca. M. oxyfera,n-DAMO bacterium (NC10),seq0224,OTHER,1.0000,high,no,,not_submitted,,,,no,,,,,
GCF_000146165.2,WP_011071461.1,pentaheme c-type cytochrome TorC [Shewanella oneidensis],392,5,0,5,10,,,,,,Shewanella oneidensis MR-1,S. oneidensis,Positive control (EET),seq0225,OTHER,1.0000,high,no,,not_submitted,,,,no,,,,,
GCF_000146165.2,WP_011073711.1,ammonia-forming nitrite reductase cytochrome c552 subunit [Shewanella oneidensis],467,4,1,5,10,,,,,,Shewanella oneidensis MR-1,S. oneidensis,Positive control (EET),seq0226,SP,0.9989,high,yes,CS pos: 27-28. Pr: 0.9769,Periplasmic,10.00,PPSVM;SCL-BLAST;Signal,3,no,0.00,0.00,10.00,0.00,0.00
GCF_000214665.1,WP_049794576.1,dockerin type I domain-containing protein [Methylomonas methanica],820,5,0,5,12,,,,,,Methylomonas methanica,M. methanica,Type I MOB (Gammaproteobacteria),seq0227,SP,0.9989,high,yes,CS pos: 22-23. Pr: 0.9765,Unknown,,Signal,1,no,2.50,2.50,2.50,2.50,0.00
GCF_000297415.1,WP_009060382.1,cytochrome c3 family protein [Candidatus Methylacidiphilum fumarolicum],218,5,0,5,10,,,,,,Methylacidiphilum fumariolicum SolV,M. fumariolicum,Verrucomicrobial MOB,seq0228,OTHER,1.0000,high,no,,not_submitted,,,,no,,,,,
GCF_000372865.1,WP_020565010.1,cytochrome c3 family protein [Methylosarcina fibrata],188,5,0,5,10,,,,,,Methylosarcina fibrata AML-C10,M. fibrata,Type I MOB (Gammaproteobacteria),seq0229,OTHER,1.0000,high,no,,not_submitted,,,,no,,,,,
GCF_000685155.1,WP_048088734.1,hypothetical protein [Candidatus Methanoperedens nitratireducens],194,5,0,5,10,,,,,,Candidatus Methanoperedens nitroreducens,Ca. M. nitroreducens,ANME-2d archaeon,seq0230,OTHER,0.8798,medium,no,,not_submitted,,,,no,,,,,
GCF_000685155.1,WP_048089031.1,cytochrome c3 family protein [Candidatus Methanoperedens nitratireducens],325,5,0,5,12,,,,,,Candidatus Methanoperedens nitroreducens,Ca. M. nitroreducens,ANME-2d archaeon,seq0231,SP,0.5098,low,yes,CS pos: 35-36. Pr: 0.3631,Cytoplasmic,8.96,CytoSVM,1,no,0.26,0.01,0.26,0.51,8.96
GCF_000685155.1,WP_048089356.1,multiheme c-type cytochrome [Candidatus Methanoperedens nitratireducens],408,5,0,5,10,,,,,,Candidatus Methanoperedens nitroreducens,Ca. M. nitroreducens,ANME-2d archaeon,seq0232,SP,0.9990,high,yes,CS pos: 28-29. Pr: 0.9758,Unknown,,Signal,1,no,2.50,2.50,2.50,2.50,0.00
GCF_000685155.1,WP_048092700.1,cytochrome c3 family protein [Candidatus Methanoperedens nitratireducens],430,5,0,5,10,,,,,,Candidatus Methanoperedens nitroreducens,Ca. M. nitroreducens,ANME-2d archaeon,seq0233,OTHER,0.6485,low,no,,not_submitted,,,,no,,,,,
GCF_000685155.1,WP_048092705.1,hypothetical protein [Candidatus Methanoperedens nitratireducens],403,5,0,5,10,,,,,,Candidatus Methanoperedens nitroreducens,Ca. M. nitroreducens,ANME-2d archaeon,seq0234,SP,0.6273,low,yes,CS pos: 27-28. Pr: 0.3243,Unknown,,,0,no,2.00,2.00,2.00,2.00,2.00
GCF_000685155.1,WP_048092745.1,hypothetical protein [Candidatus Methanoperedens nitratireducens],218,5,0,5,12,,,,,,Candidatus Methanoperedens nitroreducens,Ca. M. nitroreducens,ANME-2d archaeon,seq0235,SP,0.9991,high,yes,CS pos: 21-22. Pr: 0.9768,Unknown,,,0,no,2.00,2.00,2.00,2.00,2.00
GCF_000685155.1,WP_048093231.1,ammonia-forming cytochrome c nitrite reductase subunit c552 [Candidatus Methanoperedens nitratireducens],431,4,1,5,10,,,,,,Candidatus Methanoperedens nitroreducens,Ca. M. nitroreducens,ANME-2d archaeon,seq0236,OTHER,0.7876,medium,no,,not_submitted,,,,no,,,,,
GCF_000685155.1,WP_048093459.1,cytochrome c3 family protein [Candidatus Methanoperedens nitratireducens],319,5,0,5,13,,,,,,Candidatus Methanoperedens nitroreducens,Ca. M. nitroreducens,ANME-2d archaeon,seq0237,SP,0.9990,high,yes,CS pos: 30-31. Pr: 0.9728,Unknown,,CytoSVM;Signal,2,no,2.50,0.10,2.50,4.90,0.00
GCF_000685155.1,WP_048093461.1,cytochrome c3 family protein [Candidatus Methanoperedens nitratireducens],313,5,0,5,12,,,,,,Candidatus Methanoperedens nitroreducens,Ca. M. nitroreducens,ANME-2d archaeon,seq0238,SP,0.9992,high,yes,CS pos: 27-28. Pr: 0.9768,Unknown,,CytoSVM;Signal,2,no,2.50,0.10,2.50,4.90,0.00
GCF_000685155.1,WP_048093932.1,ammonia-forming cytochrome c nitrite reductase subunit c552 [Candidatus Methanoperedens nitratireducens],434,4,1,5,10,,,,,,Candidatus Methanoperedens nitroreducens,Ca. M. nitroreducens,ANME-2d archaeon,seq0239,OTHER,0.5841,low,no,,not_submitted,,,,no,,,,,
GCF_000685155.1,WP_081810095.1,cytochrome c3 family protein [Candidatus Methanoperedens nitratireducens],321,5,0,5,12,,,,,,Candidatus Methanoperedens nitroreducens,Ca. M. nitroreducens,ANME-2d archaeon,seq0240,SP,0.9993,high,yes,CS pos: 25-26. Pr: 0.9783,Unknown,,CytoSVM;Signal,2,no,2.50,0.10,2.50,4.90,0.00
GCF_000685155.1,WP_198527437.1,carboxypeptidase-like regulatory domain-containing protein [Candidatus Methanoperedens nitratireducens],2081,5,0,5,10,,,,,,Candidatus Methanoperedens nitroreducens,Ca. M. nitroreducens,ANME-2d archaeon,seq0241,OTHER,0.9979,high,no,,not_submitted,,,,no,,,,,
GCF_000786775.1,WP_034405325.1,hypothetical protein [Candidatus Scalindua brodae],333,5,0,5,11,,,,,,Candidatus Scalindua brodae,Ca. S. brodae,Anammox,seq0242,LIPO,0.7910,medium,yes,CS pos: 21-22. Pr: 0.7437,Unknown,,,0,no,2.00,2.00,2.00,2.00,2.00
GCF_000786775.1,WP_034409879.1,hypothetical protein [Candidatus Scalindua brodae],368,5,0,5,12,,,,,,Candidatus Scalindua brodae,Ca. S. brodae,Anammox,seq0243,OTHER,0.7130,medium,no,,not_submitted,,,,no,,,,,
GCF_000786775.1,WP_034410535.1,hypothetical protein [Candidatus Scalindua brodae],230,5,0,5,11,,,,,,Candidatus Scalindua brodae,Ca. S. brodae,Anammox,seq0244,OTHER,1.0000,high,no,,not_submitted,,,,no,,,,,
GCF_000949635.1,WP_052561721.1,MULTISPECIES: hypothetical protein [Candidatus Brocadia],180,0,5,5,16,,,,,,Candidatus Brocadia sinica,Ca. B. sinica,Anammox,seq0245,SP,0.9985,high,yes,CS pos: 29-30. Pr: 0.9691,Unknown,,,0,no,2.00,2.00,2.00,2.00,2.00
GCF_000949635.1,WP_052561945.1,MULTISPECIES: hypothetical protein [Candidatus Brocadia],263,5,0,5,13,,,,,,Candidatus Brocadia sinica,Ca. B. sinica,Anammox,seq0246,SP,0.9992,high,yes,CS pos: 23-24. Pr: 0.9813,Cytoplasmic,8.96,CytoSVM,1,no,0.26,0.01,0.26,0.51,8.96
GCF_000949635.1,WP_052562019.1,MULTISPECIES: multiheme c-type cytochrome [Candidatus Brocadia],279,5,0,5,14,,,,,,Candidatus Brocadia sinica,Ca. B. sinica,Anammox,seq0247,SP,0.9992,high,yes,CS pos: 22-23. Pr: 0.8595,Cytoplasmic,8.96,CytoSVM,1,no,0.26,0.01,0.26,0.51,8.96
GCF_000949635.1,WP_052562225.1,MULTISPECIES: multiheme c-type cytochrome [Candidatus Brocadia],513,5,0,5,15,,,,,,Candidatus Brocadia sinica,Ca. B. sinica,Anammox,seq0248,OTHER,0.9999,high,no,,not_submitted,,,,no,,,,,
GCF_000949635.1,WP_052564299.1,cytochrome c3 family protein [Candidatus Brocadia sinica],326,5,0,5,17,,,,,,Candidatus Brocadia sinica,Ca. B. sinica,Anammox,seq0249,SP,0.9991,high,yes,CS pos: 22-23. Pr: 0.9742,Cytoplasmic,8.96,CytoSVM,1,no,0.26,0.01,0.26,0.51,8.96
GCF_000949635.1,WP_052564505.1,MULTISPECIES: hypothetical protein [Candidatus Brocadia],767,5,0,5,11,,,,,,Candidatus Brocadia sinica,Ca. B. sinica,Anammox,seq0250,LIPO,0.5333,low,yes,CS pos: 20-21. Pr: 0.4061,Cytoplasmic,8.96,CytoSVM,1,no,0.26,0.01,0.26,0.51,8.96
GCF_000949635.1,WP_052565197.1,MULTISPECIES: ammonia-forming cytochrome c nitrite reductase subunit c552 [Candidatus Brocadia],488,5,0,5,11,,,,,,Candidatus Brocadia sinica,Ca. B. sinica,Anammox,seq0251,OTHER,1.0000,high,no,,not_submitted,,,,no,,,,,
GCF_000949635.1,WP_052565466.1,MULTISPECIES: hypothetical protein [Candidatus Brocadia],178,0,5,5,16,,,,,,Candidatus Brocadia sinica,Ca. B. sinica,Anammox,seq0252,SP,0.9950,high,yes,CS pos: 29-30. Pr: 0.9565,Unknown,,,0,no,2.00,2.00,2.00,2.00,2.00
GCF_000949635.1,WP_082058977.1,MULTISPECIES: multiheme c-type cytochrome [Candidatus Brocadia],347,5,0,5,16,,,,,,Candidatus Brocadia sinica,Ca. B. sinica,Anammox,seq0253,OTHER,0.9920,high,no,,not_submitted,,,,no,,,,,
GCF_000949635.1,WP_157842300.1,MULTISPECIES: cytochrome c3 family protein [Candidatus Brocadia],331,5,0,5,16,,,,,,Candidatus Brocadia sinica,Ca. B. sinica,Anammox,seq0254,SP,0.9991,high,yes,CS pos: 26-27. Pr: 0.9794,Cytoplasmic,8.96,CytoSVM,1,no,0.26,0.01,0.26,0.51,8.96
GCF_000949635.1,WP_157842311.1,MULTISPECIES: hypothetical protein [Candidatus Brocadia],208,0,5,5,17,,,,,,Candidatus Brocadia sinica,Ca. B. sinica,Anammox,seq0255,OTHER,0.9978,high,no,,not_submitted,,,,no,,,,,
GCF_000968535.2,WP_014147890.1,cytochrome c3 family protein [Methylotuvimicrobium alcaliphilum],231,5,0,5,10,,,,,,Methylotuvimicrobium alcaliphilum 20Z,Mt. alcaliphilum,Type I MOB (Gammaproteobacteria),seq0256,SP,0.8727,medium,yes,CS pos: 36-37. Pr: 0.8166,Unknown,,,0,no,2.00,2.00,2.00,2.00,2.00
GCF_000968535.2,WP_014150278.1,multiheme c-type cytochrome [Methylotuvimicrobium alcaliphilum],758,5,0,5,11,,,,,,Methylotuvimicrobium alcaliphilum 20Z,Mt. alcaliphilum,Type I MOB (Gammaproteobacteria),seq0257,SP,0.9393,high,yes,CS pos: 25-26. Pr: 0.9092,Extracellular,9.65,ECSVM;Signal,2,yes,9.65,0.23,0.11,0.01,0.00
GCF_001273775.1,WP_053380914.1,multiheme c-type cytochrome [Nitrospira moscoviensis],426,5,0,5,12,,,,,,Nitrospira moscoviensis,N. moscoviensis,Ecological control,seq0258,OTHER,0.9703,high,no,,not_submitted,,,,no,,,,,
GCF_001273775.1,WP_053380930.1,multiheme c-type cytochrome [Nitrospira moscoviensis],441,5,0,5,12,,,,,,Nitrospira moscoviensis,N. moscoviensis,Ecological control,seq0259,OTHER,0.9222,high,no,,not_submitted,,,,no,,,,,
GCF_001273775.1,WP_053381424.1,multiheme c-type cytochrome [Nitrospira moscoviensis],410,5,0,5,10,,,,,,Nitrospira moscoviensis,N. moscoviensis,Ecological control,seq0260,OTHER,0.7207,medium,no,,not_submitted,,,,no,,,,,
GCF_001273775.1,WP_083448135.1,multiheme c-type cytochrome [Nitrospira moscoviensis],432,5,0,5,10,,,,,,Nitrospira moscoviensis,N. moscoviensis,Ecological control,seq0261,OTHER,0.6792,low,no,,not_submitted,,,,no,,,,,
GCF_001273775.1,WP_187299279.1,multiheme c-type cytochrome [Nitrospira moscoviensis],445,5,0,5,10,,,,,,Nitrospira moscoviensis,N. moscoviensis,Ecological control,seq0262,SP,0.9992,high,yes,CS pos: 24-25. Pr: 0.9747,Cytoplasmic,8.96,CytoSVM,1,no,0.26,0.01,0.26,0.51,8.96
GCF_001753675.2,WP_070067376.1,ammonia-forming cytochrome c nitrite reductase subunit c552 [Candidatus Brocadia sapporoensis],479,5,0,5,11,,,,,,Candidatus Brocadia sapporoensis,Ca. B. sapporoensis,Anammox,seq0263,OTHER,1.0000,high,no,,not_submitted,,,,no,,,,,
GCF_001753675.2,WP_070067648.1,hypothetical protein [Candidatus Brocadia sapporoensis],766,5,0,5,12,,,,,,Candidatus Brocadia sapporoensis,Ca. B. sapporoensis,Anammox,seq0264,OTHER,0.7128,medium,no,,not_submitted,,,,no,,,,,
GCF_011066545.1,WP_099325775.1,MULTISPECIES: multiheme c-type cytochrome [Candidatus Kuenenia],386,5,0,5,14,,,,,,Candidatus Kuenenia stuttgartiensis,Ca. K. stuttgartiensis,Anammox,seq0265,SP,0.9992,high,yes,CS pos: 25-26. Pr: 0.5865,Cytoplasmic,8.96,CytoSVM,1,no,0.26,0.01,0.26,0.51,8.96
GCF_011066545.1,WP_099326446.1,MULTISPECIES: hypothetical protein [Candidatus Kuenenia],763,5,0,5,11,,,,,,Candidatus Kuenenia stuttgartiensis,Ca. K. stuttgartiensis,Anammox,seq0266,SP,0.6194,low,yes,CS pos: 26-27. Pr: 0.5788,Unknown,,,0,no,2.00,2.00,2.00,2.00,2.00
GCF_011066545.1,WP_164994283.1,hypothetical protein [Candidatus Kuenenia stuttgartensis],237,5,0,5,14,,,,,,Candidatus Kuenenia stuttgartiensis,Ca. K. stuttgartiensis,Anammox,seq0267,SP,0.9992,high,yes,CS pos: 21-22. Pr: 0.9761,Unknown,,,0,no,2.00,2.00,2.00,2.00,2.00
GCF_011066545.1,WP_230405712.1,cytochrome c3 family protein [Candidatus Kuenenia stuttgartensis],290,5,0,5,13,,,,,,Candidatus Kuenenia stuttgartiensis,Ca. K. stuttgartiensis,Anammox,seq0268,OTHER,1.0000,high,no,,not_submitted,,,,no,,,,,
GCF_027571405.1,WP_016919655.1,cytochrome c3 family protein [Methylocystis parvus],221,5,0,5,10,,,,,,Methylocystis parvus OBBP,M. parvus,Type II MOB (Alphaproteobacteria),seq0269,OTHER,0.9999,high,no,,not_submitted,,,,no,,,,,
GCF_949769195.1,WP_026610151.1,cytochrome c3 family protein [Methylocaldum szegediense],218,5,0,5,10,,,,,,Methylocaldum szegediense,M. szegediense,Type I MOB (Gammaproteobacteria),seq0270,OTHER,0.9829,high,no,,not_submitted,,,,no,,,,,
GCA_030583625.1,WKZ15068.1,MAG: multiheme c-type cytochrome [Candidatus Jettenia caeni],428,4,0,4,10,,,,,,Candidatus Jettenia caeni,Ca. J. caeni,Anammox,seq0271,OTHER,1.0000,high,no,,not_submitted,,,,no,,,,,
GCA_030583625.1,WKZ15828.1,MAG: hypothetical protein QY317_00705 [Candidatus Jettenia caeni],245,4,0,4,11,,,,,,Candidatus Jettenia caeni,Ca. J. caeni,Anammox,seq0272,OTHER,1.0000,high,no,,not_submitted,,,,no,,,,,
GCA_030583625.1,WKZ16246.1,MAG: cytochrome c nitrite reductase small subunit [Candidatus Jettenia caeni],156,4,0,4,9,,,,,,Candidatus Jettenia caeni,Ca. J. caeni,Anammox,seq0273,OTHER,0.9380,high,no,,not_submitted,,,,no,,,,,
GCA_030583625.1,WKZ16451.1,MAG: c-type cytochrome [Candidatus Jettenia caeni],497,4,0,4,9,,,,,,Candidatus Jettenia caeni,Ca. J. caeni,Anammox,seq0274,TAT,0.5307,low,yes,CS pos: 34-35. Pr: 0.4505,Cytoplasmic,8.96,CytoSVM,1,no,0.26,0.01,0.26,0.51,8.96
GCF_000005845.2,NP_416706.1,periplasmic nitrate reductase cytochrome c protein [Escherichia coli str. K-12 substr. MG1655],200,4,0,4,8,,,,,,Escherichia coli K-12 MG1655,E. coli,Negative control,seq0275,OTHER,1.0000,high,no,,not_submitted,,,,no,,,,,
GCF_000006765.1,NP_249863.1,cytochrome C protein NapC [Pseudomonas aeruginosa PAO1],198,4,0,4,8,,,,,,Pseudomonas aeruginosa PAO1,P. aeruginosa,Negative control,seq0276,OTHER,1.0000,high,no,,not_submitted,,,,no,,,,,
GCF_000007985.2,WP_010940746.1,MULTISPECIES: multiheme c-type cytochrome [Geobacter],160,4,0,4,8,,,,,,Geobacter sulfurreducens PCA,G. sulfurreducens,Positive control (EET),seq0277,OTHER,0.7528,medium,no,,not_submitted,,,,no,,,,,
GCF_000007985.2,WP_010941282.1,cytochrome c3 family protein [Geobacter sulfurreducens],232,4,0,4,8,,,,,,Geobacter sulfurreducens PCA,G. sulfurreducens,Positive control (EET),seq0278,SP,0.9991,high,yes,CS pos: 23-24. Pr: 0.9364,Extracellular,9.65,ECSVM;Signal,2,yes,9.65,0.23,0.11,0.01,0.00
GCF_000007985.2,WP_010942431.1,cytochrome c [Geobacter sulfurreducens],279,4,0,4,8,,,,,,Geobacter sulfurreducens PCA,G. sulfurreducens,Positive control (EET),seq0279,SP,0.9990,high,yes,CS pos: 24-25. Pr: 0.5524,Periplasmic,9.83,PPSVM,1,no,0.14,0.01,9.83,0.01,0.01
GCF_000007985.2,WP_010943561.1,selenite/tellurite reduction operon c-type cytochrome lipoprotein ExtS [Geobacter sulfurreducens],266,4,0,4,9,,,,,,Geobacter sulfurreducens PCA,G. sulfurreducens,Positive control (EET),seq0280,LIPO,0.9979,high,yes,CS pos: 17-18. Pr: 0.9861,CytoplasmicMembrane,9.86,CMSVM;Signal,2,no,0.01,0.01,0.12,9.86,0.00
GCF_000007985.2,WP_010943776.1,cytochrome c nitrite reductase small subunit [Geobacter sulfurreducens],154,4,0,4,8,,,,,,Geobacter sulfurreducens PCA,G. sulfurreducens,Positive control (EET),seq0281,OTHER,0.9996,high,no,,not_submitted,,,,no,,,,,
GCF_000007985.2,WP_232008929.1,cytochrome c3 family protein [Geobacter sulfurreducens],261,4,0,4,9,,,,,,Geobacter sulfurreducens PCA,G. sulfurreducens,Positive control (EET),seq0282,SP,0.9991,high,yes,CS pos: 25-26. Pr: 0.9685,Unknown,,Signal,1,no,2.50,2.50,2.50,2.50,0.00
GCF_000007985.2,WP_235044911.1,cytochrome c3 family protein [Geobacter sulfurreducens],246,4,0,4,8,,,,,,Geobacter sulfurreducens PCA,G. sulfurreducens,Positive control (EET),seq0283,OTHER,1.0000,high,no,,not_submitted,,,,no,,,,,
GCF_000021745.1,WP_012591070.1,photosynthetic reaction center cytochrome PufC [Methylocella silvestris],338,4,0,4,10,,,,,,Methylocella silvestris BL2,M. silvestris,Type II MOB (Alphaproteobacteria),seq0284,LIPO,1.0000,high,yes,CS pos: 22-23. Pr: 0.9935,Unknown,,ECSVM;SCL-BLAST;Signal,3,no,4.87,0.12,0.06,4.96,0.00
GCF_000091165.1,WP_044595851.1,"hypothetical protein, partial [Candidatus Methylomirabilis oxyfera]",138,4,0,4,8,,,,,,Candidatus Methylomirabilis oxyfera,Ca. M. oxyfera,n-DAMO bacterium (NC10),seq0285,OTHER,1.0000,high,no,,not_submitted,,,,no,,,,,
GCF_000146165.2,WP_011071245.1,fumarate reductase flavoprotein subunit FccA [Shewanella oneidensis],596,4,0,4,8,,,,,,Shewanella oneidensis MR-1,S. oneidensis,Positive control (EET),seq0286,SP,0.9989,high,yes,CS pos: 25-26. Pr: 0.9743,Periplasmic,9.76,CytoSVM;SCL-BLAST;Signal,3,no,0.11,0.00,9.76,0.12,0.00
GCF_000146165.2,WP_011071617.1,cytochrome c3 family protein [Shewanella oneidensis],123,4,0,4,8,,,,,,Shewanella oneidensis MR-1,S. oneidensis,Positive control (EET),seq0287,SP,0.9992,high,yes,CS pos: 21-22. Pr: 0.9724,Periplasmic,9.84,PPSVM;Signal,2,no,0.14,0.01,9.84,0.01,0.00
GCF_000146165.2,WP_011072671.1,tetraheme c-type cytochrome CctA [Shewanella oneidensis],116,4,0,4,8,,,,,,Shewanella oneidensis MR-1,S. oneidensis,Positive control (EET),seq0288,SP,0.9990,high,yes,CS pos: 25-26. Pr: 0.9759,Periplasmic,10.00,PPSVM;SCL-BLAST;Signal,3,no,0.00,0.00,10.00,0.00,0.00
GCF_000146165.2,WP_011072954.1,cytochrome c3 family protein [Shewanella oneidensis],127,4,0,4,8,,,,,,Shewanella oneidensis MR-1,S. oneidensis,Positive control (EET),seq0289,SP,0.9992,high,yes,CS pos: 22-23. Pr: 0.9708,Periplasmic,9.84,PPSVM;Signal,2,no,0.14,0.01,9.84,0.01,0.00
GCF_000146165.2,WP_011073178.1,cytochrome c3 family protein [Shewanella oneidensis],124,4,0,4,9,,,,,,Shewanella oneidensis MR-1,S. oneidensis,Positive control (EET),seq0290,SP,0.9561,high,yes,CS pos: 23-24. Pr: 0.9158,Unknown,,Signal,1,no,2.50,2.50,2.50,2.50,0.00
GCF_000146165.2,WP_011073430.1,cytochrome c3 family protein [Shewanella oneidensis],116,4,0,4,8,,,,,,Shewanella oneidensis MR-1,S. oneidensis,Positive control (EET),seq0291,SP,0.9992,high,yes,CS pos: 22-23. Pr: 0.9809,Unknown,,Signal,1,no,2.50,2.50,2.50,2.50,0.00
GCF_000146165.2,WP_011074189.1,NapC/NirT family cytochrome c CymA [Shewanella oneidensis],187,4,0,4,8,,,,,,Shewanella oneidensis MR-1,S. oneidensis,Positive control (EET),seq0292,OTHER,1.0000,high,no,,not_submitted,,,,no,,,,,
GCF_000146165.2,WP_164925650.1,flavocytochrome c [Shewanella oneidensis],588,4,0,4,10,,,,,,Shewanella oneidensis MR-1,S. oneidensis,Positive control (EET),seq0293,SP,0.9991,high,yes,CS pos: 21-22. Pr: 0.9803,Periplasmic,9.76,CytoSVM;SCL-BLAST;Signal,3,no,0.11,0.00,9.76,0.12,0.00
GCF_000685155.1,WP_048092715.1,hypothetical protein [Candidatus Methanoperedens nitratireducens],194,4,0,4,8,,,,,,Candidatus Methanoperedens nitroreducens,Ca. M. nitroreducens,ANME-2d archaeon,seq0294,SP,0.9992,high,yes,CS pos: 23-24. Pr: 0.9720,Unknown,,,0,no,2.00,2.00,2.00,2.00,2.00
GCF_000685155.1,WP_052368965.1,cytochrome c nitrite reductase small subunit [Candidatus Methanoperedens nitratireducens],137,4,0,4,8,,,,,,Candidatus Methanoperedens nitroreducens,Ca. M. nitroreducens,ANME-2d archaeon,seq0295,OTHER,0.8398,medium,no,,not_submitted,,,,no,,,,,
GCF_000685155.1,WP_052368997.1,cytochrome c nitrite reductase small subunit [Candidatus Methanoperedens nitratireducens],161,4,0,4,8,,,,,,Candidatus Methanoperedens nitroreducens,Ca. M. nitroreducens,ANME-2d archaeon,seq0296,SP,0.9992,high,yes,CS pos: 18-19. Pr: 0.9716,Unknown,,,0,no,2.00,2.00,2.00,2.00,2.00
GCF_000785705.2,WP_036272078.1,MULTISPECIES: cytochrome c3 family protein [Methylomonas],168,4,0,4,9,,,,,,Methylomonas denitrificans FJG1,M. denitrificans,Type I MOB (Gammaproteobacteria),seq0297,SP,0.9396,high,yes,CS pos: 27-28. Pr: 0.8793,Unknown,,Signal,1,no,2.50,2.50,2.50,2.50,0.00
GCF_000785705.2,WP_062327941.1,MULTISPECIES: NapC/NirT family cytochrome c [Methylomonas],201,4,0,4,8,,,,,,Methylomonas denitrificans FJG1,M. denitrificans,Type I MOB (Gammaproteobacteria),seq0298,OTHER,1.0000,high,no,,not_submitted,,,,no,,,,,
GCF_000786775.1,WP_034401878.1,hypothetical protein [Candidatus Scalindua brodae],495,4,0,4,11,,,,,,Candidatus Scalindua brodae,Ca. S. brodae,Anammox,seq0299,SP,0.7253,medium,yes,CS pos: 32-33. Pr: 0.6934,Cytoplasmic,8.96,CytoSVM,1,no,0.26,0.01,0.26,0.51,8.96
GCF_000786775.1,WP_034403714.1,hypothetical protein [Candidatus Scalindua brodae],474,4,0,4,11,,,,,,Candidatus Scalindua brodae,Ca. S. brodae,Anammox,seq0300,SP,0.9989,high,yes,CS pos: 30-31. Pr: 0.9301,Cytoplasmic,8.96,CytoSVM,1,no,0.26,0.01,0.26,0.51,8.96
GCF_000786775.1,WP_034404466.1,hypothetical protein [Candidatus Scalindua brodae],167,0,4,4,16,,,,,,Candidatus Scalindua brodae,Ca. S. brodae,Anammox,seq0301,SP,0.9988,high,yes,CS pos: 29-30. Pr: 0.9746,Unknown,,Signal,1,no,2.50,2.50,2.50,2.50,0.00
GCF_000786775.1,WP_034405328.1,hypothetical protein [Candidatus Scalindua brodae],223,4,0,4,8,,,,,,Candidatus Scalindua brodae,Ca. S. brodae,Anammox,seq0302,OTHER,1.0000,high,no,,not_submitted,,,,no,,,,,
GCF_000786775.1,WP_034405904.1,hypothetical protein [Candidatus Scalindua brodae],193,4,0,4,9,,,,,,Candidatus Scalindua brodae,Ca. S. brodae,Anammox,seq0303,OTHER,0.6585,low,no,,not_submitted,,,,no,,,,,
GCF_000786775.1,WP_034406066.1,"hypothetical protein, partial [Candidatus Scalindua brodae]",406,4,0,4,10,,,,,,Candidatus Scalindua brodae,Ca. S. brodae,Anammox,seq0304,OTHER,1.0000,high,no,,not_submitted,,,,no,,,,,
GCF_000949635.1,WP_052562597.1,c-type cytochrome [Candidatus Brocadia sinica],493,4,0,4,8,,,,,,Candidatus Brocadia sinica,Ca. B. sinica,Anammox,seq0305,OTHER,0.9879,high,no,,not_submitted,,,,no,,,,,
GCF_000949635.1,WP_082059306.1,MULTISPECIES: cytochrome c nitrite reductase small subunit [Candidatus Brocadia],156,4,0,4,13,,,,,,Candidatus Brocadia sinica,Ca. B. sinica,Anammox,seq0306,OTHER,0.8263,medium,no,,not_submitted,,,,no,,,,,
GCF_000949635.1,WP_157842344.1,MULTISPECIES: multiheme c-type cytochrome [Candidatus Brocadia],415,4,0,4,11,,,,,,Candidatus Brocadia sinica,Ca. B. sinica,Anammox,seq0307,OTHER,1.0000,high,no,,not_submitted,,,,no,,,,,
GCF_000949635.1,WP_157842471.1,MULTISPECIES: hypothetical protein [Candidatus Brocadia],198,4,0,4,10,,,,,,Candidatus Brocadia sinica,Ca. B. sinica,Anammox,seq0308,LIPO,0.6807,low,yes,CS pos: 23-24. Pr: 0.5972,Unknown,,,0,no,2.00,2.00,2.00,2.00,2.00
GCF_001753675.2,WP_070067375.1,cytochrome c nitrite reductase small subunit [Candidatus Brocadia sapporoensis],154,4,0,4,12,,,,,,Candidatus Brocadia sapporoensis,Ca. B. sapporoensis,Anammox,seq0309,OTHER,0.8637,medium,no,,not_submitted,,,,no,,,,,
GCF_001753675.2,WP_143299272.1,hypothetical protein [Candidatus Brocadia sapporoensis],159,4,0,4,9,,,,,,Candidatus Brocadia sapporoensis,Ca. B. sapporoensis,Anammox,seq0310,OTHER,1.0000,high,no,,not_submitted,,,,no,,,,,
GCF_001753675.2,WP_179129389.1,cytochrome c [Candidatus Brocadia sapporoensis],452,4,0,4,8,,,,,,Candidatus Brocadia sapporoensis,Ca. B. sapporoensis,Anammox,seq0311,OTHER,1.0000,high,no,,not_submitted,,,,no,,,,,
GCF_011066545.1,WP_164994502.1,c-type cytochrome [Candidatus Kuenenia stuttgartensis],500,4,0,4,10,,,,,,Candidatus Kuenenia stuttgartiensis,Ca. K. stuttgartiensis,Anammox,seq0312,SP,0.5204,low,yes,CS pos: 33-34. Pr: 0.5096,Unknown,,CytoSVM;Signal,2,no,2.50,0.10,2.50,4.90,0.00
GCF_011066545.1,WP_164995289.1,multiheme c-type cytochrome [Candidatus Kuenenia stuttgartensis],453,4,0,4,12,,,,,,Candidatus Kuenenia stuttgartiensis,Ca. K. stuttgartiensis,Anammox,seq0313,SP,0.9970,high,yes,CS pos: 22-23. Pr: 0.8777,Cytoplasmic,8.96,CytoSVM,1,no,0.26,0.01,0.26,0.51,8.96
GCF_011066545.1,WP_164995425.1,MULTISPECIES: hypothetical protein [Candidatus Kuenenia],138,4,0,4,8,,,,,,Candidatus Kuenenia stuttgartiensis,Ca. K. stuttgartiensis,Anammox,seq0314,OTHER,1.0000,high,no,,not_submitted,,,,no,,,,,
GCF_054182965.1,WP_011111568.1,NapC/NirT family cytochrome c [Nitrosomonas europaea],233,4,0,4,8,,,,,,Nitrosomonas europaea,N. europaea,Methodological control,seq0315,OTHER,0.6967,low,no,,not_submitted,,,,no,,,,,
GCF_054182965.1,WP_011111569.1,MULTISPECIES: cytochrome c-550 CycA [Nitrosomonas],235,4,0,4,9,,,,,,Nitrosomonas europaea,N. europaea,Methodological control,seq0316,SP,0.9992,high,yes,CS pos: 24-25. Pr: 0.9763,Periplasmic,10.00,PPSVM;SCL-BLAST;SCL-BLASTe;Signal,4,no,0.00,0.00,10.00,0.00,0.00
GCA_030583625.1,WKZ14917.1,MAG: hypothetical protein QY317_13545 [Candidatus Jettenia caeni],246,3,0,3,7,,,,,,Candidatus Jettenia caeni,Ca. J. caeni,Anammox,seq0317,SP,0.9992,high,yes,CS pos: 22-23. Pr: 0.7220,Cytoplasmic,8.96,CytoSVM,1,no,0.26,0.01,0.26,0.51,8.96
GCA_030583625.1,WKZ15062.1,MAG: molecular chaperone DnaJ [Candidatus Jettenia caeni],370,1,2,3,8,,,,,,Candidatus Jettenia caeni,Ca. J. caeni,Anammox,seq0318,OTHER,1.0000,high,no,,not_submitted,,,,no,,,,,
GCA_030583625.1,WKZ15077.1,MAG: multiheme c-type cytochrome [Candidatus Jettenia caeni],236,3,0,3,11,,,,,,Candidatus Jettenia caeni,Ca. J. caeni,Anammox,seq0319,SP,0.9906,high,yes,CS pos: 30-31. Pr: 0.9123,Unknown,,CytoSVM;Signal,2,no,2.50,0.10,2.50,4.90,0.00
GCA_030583625.1,WKZ15771.1,MAG: cytochrome P460 family protein [Candidatus Jettenia caeni],535,3,0,3,7,,,,,,Candidatus Jettenia caeni,Ca. J. caeni,Anammox,seq0320,LIPO,1.0000,high,yes,CS pos: 21-22. Pr: 0.9920,Unknown,,,0,no,2.00,2.00,2.00,2.00,2.00
GCA_030583625.1,WKZ16862.1,MAG: multiheme c-type cytochrome [Candidatus Jettenia caeni],279,3,0,3,6,,,,,,Candidatus Jettenia caeni,Ca. J. caeni,Anammox,seq0321,OTHER,0.9081,high,no,,not_submitted,,,,no,,,,,
GCA_030583625.1,WKZ17005.1,MAG: hypothetical protein QY317_06745 [Candidatus Jettenia caeni],239,3,0,3,6,,,,,,Candidatus Jettenia caeni,Ca. J. caeni,Anammox,seq0322,OTHER,0.9986,high,no,,not_submitted,,,,no,,,,,
GCF_000005845.2,NP_414556.1,chaperone protein DnaJ [Escherichia coli str. K-12 substr. MG1655],376,3,0,3,10,,,,,,Escherichia coli K-12 MG1655,E. coli,Negative control,seq0323,OTHER,1.0000,high,no,,not_submitted,,,,no,,,,,
GCF_000005845.2,NP_417975.1,cytochrome c peroxidase [Escherichia coli str. K-12 substr. MG1655],465,3,0,3,7,,,,,,Escherichia coli K-12 MG1655,E. coli,Negative control,seq0324,OTHER,0.9675,high,no,,not_submitted,,,,no,,,,,
GCF_000006765.1,NP_250291.1,cytochrome C [Pseudomonas aeruginosa PAO1],433,3,0,3,6,,,,,,Pseudomonas aeruginosa PAO1,P. aeruginosa,Negative control,seq0325,OTHER,0.9997,high,no,,not_submitted,,,,no,,,,,
GCF_000006765.1,NP_250956.1,cytochrome C [Pseudomonas aeruginosa PAO1],439,3,0,3,7,,,,,,Pseudomonas aeruginosa PAO1,P. aeruginosa,Negative control,seq0326,SP,0.7426,medium,yes,CS pos: 19-20. Pr: 0.7181,Unknown,,PPSVM;SCL-BLAST;Signal,3,no,0.07,0.01,4.96,4.96,0.00
GCF_000006765.1,NP_253309.1,cytochrome C [Pseudomonas aeruginosa PAO1],415,3,0,3,6,,,,,,Pseudomonas aeruginosa PAO1,P. aeruginosa,Negative control,seq0327,SP,0.9991,high,yes,CS pos: 22-23. Pr: 0.9773,CytoplasmicMembrane,9.97,SCL-BLAST;Signal,2,no,0.01,0.01,0.01,9.97,0.00
GCF_000007985.2,WP_010940781.1,cytochrome c3 family protein [Geobacter sulfurreducens],93,3,0,3,6,,,,,,Geobacter sulfurreducens PCA,G. sulfurreducens,Positive control (EET),seq0328,SP,0.9992,high,yes,CS pos: 24-25. Pr: 0.8617,Unknown,,,0,no,2.00,2.00,2.00,2.00,2.00
GCF_000007985.2,WP_010941032.1,cytochrome c7 [Geobacter sulfurreducens],91,3,0,3,6,,,,,,Geobacter sulfurreducens PCA,G. sulfurreducens,Positive control (EET),seq0329,SP,0.9992,high,yes,CS pos: 20-21. Pr: 0.9779,Periplasmic,9.84,PPSVM;Signal,2,no,0.14,0.01,9.84,0.01,0.00
GCF_000007985.2,WP_010941033.1,cytochrome c3 family protein [Geobacter sulfurreducens],95,3,0,3,6,,,,,,Geobacter sulfurreducens PCA,G. sulfurreducens,Positive control (EET),seq0330,SP,0.9992,high,yes,CS pos: 20-21. Pr: 0.9764,Unknown,,Signal,1,no,2.50,2.50,2.50,2.50,0.00
GCF_000007985.2,WP_010941201.1,cytochrome c3 family protein [Geobacter sulfurreducens],134,3,0,3,9,,,,,,Geobacter sulfurreducens PCA,G. sulfurreducens,Positive control (EET),seq0331,SP,0.9992,high,yes,CS pos: 25-26. Pr: 0.9671,Unknown,,Signal,1,no,2.50,2.50,2.50,2.50,0.00
GCF_000007985.2,WP_010941274.1,MULTISPECIES: cytochrome c7 [Geobacter],91,3,0,3,7,,,,,,Geobacter sulfurreducens PCA,G. sulfurreducens,Positive control (EET),seq0332,SP,0.9992,high,yes,CS pos: 20-21. Pr: 0.9786,Periplasmic,9.84,PPSVM;Signal,2,no,0.14,0.01,9.84,0.01,0.00
GCF_000007985.2,WP_010941687.1,MULTISPECIES: cytochrome c7 [Geobacter],92,3,0,3,7,,,,,,Geobacter sulfurreducens PCA,G. sulfurreducens,Positive control (EET),seq0333,SP,0.9992,high,yes,CS pos: 20-21. Pr: 0.9787,Unknown,,Signal,1,no,2.50,2.50,2.50,2.50,0.00
GCF_000007985.2,WP_010942404.1,cytochrome c7 [Geobacter sulfurreducens],90,3,0,3,6,,,,,,Geobacter sulfurreducens PCA,G. sulfurreducens,Positive control (EET),seq0334,SP,0.9992,high,yes,CS pos: 20-21. Pr: 0.9780,Unknown,,Signal,1,no,2.50,2.50,2.50,2.50,0.00
GCF_000007985.2,WP_010942405.1,c-type cytochrome [Geobacter sulfurreducens],511,3,0,3,8,,,,,,Geobacter sulfurreducens PCA,G. sulfurreducens,Positive control (EET),seq0335,LIPO,0.8819,medium,yes,CS pos: 38-39. Pr: 0.9864,Extracellular,9.65,ECSVM;Signal,2,yes,9.65,0.23,0.11,0.01,0.00
GCF_000007985.2,WP_010942429.1,cytochrome c3 family protein [Geobacter sulfurreducens],147,3,0,3,8,,,,,,Geobacter sulfurreducens PCA,G. sulfurreducens,Positive control (EET),seq0336,SP,0.9985,high,yes,CS pos: 33-34. Pr: 0.9479,Unknown,,Signal,1,no,2.50,2.50,2.50,2.50,0.00
GCF_000007985.2,WP_010943832.1,cytochrome c [Geobacter sulfurreducens],212,3,0,3,7,,,,,,Geobacter sulfurreducens PCA,G. sulfurreducens,Positive control (EET),seq0337,SP,0.9975,high,yes,CS pos: 30-31. Pr: 0.7625,Unknown,,Signal,1,no,2.50,2.50,2.50,2.50,0.00
GCF_000008325.1,WP_010959791.1,multiheme c-type cytochrome [Methylococcus capsulatus],268,3,0,3,7,,,,,,Methylococcus capsulatus Bath,M. capsulatus,Type I MOB (Gammaproteobacteria),seq0338,LIPO,0.5168,low,yes,CS pos: 19-20. Pr: 0.4839,Periplasmic,9.51,CytoSVM;PPSVM,2,no,0.14,0.00,9.51,0.02,0.33
GCF_000021745.1,WP_012592345.1,cytochrome c [Methylocella silvestris],421,3,0,3,6,,,,,,Methylocella silvestris BL2,M. silvestris,Type II MOB (Alphaproteobacteria),seq0339,SP,0.9961,high,yes,CS pos: 25-26. Pr: 0.9664,CytoplasmicMembrane,9.97,SCL-BLAST;Signal,2,no,0.01,0.01,0.01,9.97,0.00
GCF_000091165.1,WP_044595710.1,hypothetical protein [Candidatus Methylomirabilis oxyfera],94,3,0,3,6,,,,,,Candidatus Methylomirabilis oxyfera,Ca. M. oxyfera,n-DAMO bacterium (NC10),seq0340,OTHER,1.0000,high,no,,not_submitted,,,,no,,,,,
GCF_000146165.2,WP_011070833.1,4Fe-4S dicluster domain-containing protein [Shewanella oneidensis],235,0,3,3,22,,,,,,Shewanella oneidensis MR-1,S. oneidensis,Positive control (EET),seq0341,TATLIPO,0.9968,high,yes,CS pos: 26-27. Pr: 0.8462,Cytoplasmic,9.97,CytoSVM;SCL-BLAST,2,no,0.00,0.00,0.01,0.01,9.97
GCF_000146165.2,WP_011071368.1,molecular chaperone DnaJ [Shewanella oneidensis],378,3,0,3,10,,,,,,Shewanella oneidensis MR-1,S. oneidensis,Positive control (EET),seq0342,OTHER,1.0000,high,no,,not_submitted,,,,no,,,,,
GCF_000146165.2,WP_011074175.1,cytochrome c3 family protein [Shewanella oneidensis],100,3,0,3,7,,,,,,Shewanella oneidensis MR-1,S. oneidensis,Positive control (EET),seq0343,SP,0.9992,high,yes,CS pos: 19-20. Pr: 0.9765,Unknown,,Signal,1,no,2.50,2.50,2.50,2.50,0.00
GCF_000190755.2,WP_006889443.1,c-type cytochrome [Methylobacter tundripaludum],380,3,0,3,6,,,,,,Methylobacter tundripaludum,M. tundripaludum,Type I MOB (Gammaproteobacteria),seq0344,OTHER,0.9999,high,no,,not_submitted,,,,no,,,,,
GCF_000190755.2,WP_006892523.1,thioredoxin TrxC [Methylobacter tundripaludum],143,1,2,3,6,,,,,,Methylobacter tundripaludum,M. tundripaludum,Type I MOB (Gammaproteobacteria),seq0345,OTHER,0.9996,high,no,,not_submitted,,,,no,,,,,
GCF_000190755.2,WP_254257800.1,cytochrome c [Methylobacter tundripaludum],450,3,0,3,8,,,,,,Methylobacter tundripaludum,M. tundripaludum,Type I MOB (Gammaproteobacteria),seq0346,SP,0.6918,low,yes,CS pos: 45-46. Pr: 0.6236,CytoplasmicMembrane,9.97,SCL-BLAST;Signal,2,no,0.01,0.01,0.01,9.97,0.00
GCF_000214275.2,WP_005369343.1,c-type cytochrome [Methylomicrobium album],386,3,0,3,6,,,,,,Methylomicrobium album BG8,M. album,Type I MOB (Gammaproteobacteria),seq0347,OTHER,0.9980,high,no,,not_submitted,,,,no,,,,,
GCF_000214275.2,WP_005369431.1,DEAD/DEAH box helicase [Methylomicrobium album],2148,3,0,3,39,,,,,,Methylomicrobium album BG8,M. album,Type I MOB (Gammaproteobacteria),seq0348,OTHER,1.0000,high,no,,not_submitted,,,,no,,,,,
GCF_000214275.2,WP_005372241.1,MULTISPECIES: cytochrome c peroxidase [Methylomicrobium],469,3,0,3,6,,,,,,Methylomicrobium album BG8,M. album,Type I MOB (Gammaproteobacteria),seq0349,SP,0.7637,medium,yes,CS pos: 25-26. Pr: 0.3748,Periplasmic,9.44,SCL-BLAST,1,no,0.11,0.06,9.44,0.06,0.33
GCF_000214275.2,WP_245549440.1,cytochrome c [Methylomicrobium album],433,3,0,3,6,,,,,,Methylomicrobium album BG8,M. album,Type I MOB (Gammaproteobacteria),seq0350,SP,0.9989,high,yes,CS pos: 33-34. Pr: 0.9627,CytoplasmicMembrane,9.97,SCL-BLAST;Signal,2,no,0.01,0.01,0.01,9.97,0.00
GCF_000372865.1,WP_020561852.1,c-type cytochrome [Methylosarcina fibrata],381,3,0,3,6,,,,,,Methylosarcina fibrata AML-C10,M. fibrata,Type I MOB (Gammaproteobacteria),seq0351,OTHER,0.9936,high,no,,not_submitted,,,,no,,,,,
GCF_000372865.1,WP_198291346.1,c-type cytochrome [Methylosarcina fibrata],435,3,0,3,7,,,,,,Methylosarcina fibrata AML-C10,M. fibrata,Type I MOB (Gammaproteobacteria),seq0352,SP,0.9558,high,yes,CS pos: 31-32. Pr: 0.8625,CytoplasmicMembrane,9.99,CytoSVM;SCL-BLAST;Signal,3,no,0.01,0.00,0.01,9.99,0.00
GCF_000496735.2,WP_023495780.1,VCBS domain-containing protein [Methyloglobulus morosus],839,3,0,3,12,,,,,,Methyloglobulus morosus KoM1,M. morosus,Type I MOB (Gammaproteobacteria),seq0353,SP,0.8510,medium,yes,CS pos: 40-41. Pr: 0.6370,Unknown,,,0,no,2.00,2.00,2.00,2.00,2.00
GCF_000685155.1,WP_048089087.1,PxKF domain-containing protein [Candidatus Methanoperedens nitratireducens],1482,3,0,3,8,,,,,,Candidatus Methanoperedens nitroreducens,Ca. M. nitroreducens,ANME-2d archaeon,seq0354,OTHER,1.0000,high,no,,not_submitted,,,,no,,,,,
GCF_000685155.1,WP_048090816.1,hypothetical protein [Candidatus Methanoperedens nitratireducens],190,3,0,3,6,,,,,,Candidatus Methanoperedens nitroreducens,Ca. M. nitroreducens,ANME-2d archaeon,seq0355,OTHER,1.0000,high,no,,not_submitted,,,,no,,,,,
GCF_000685155.1,WP_048092729.1,hypothetical protein [Candidatus Methanoperedens nitratireducens],273,3,0,3,8,,,,,,Candidatus Methanoperedens nitroreducens,Ca. M. nitroreducens,ANME-2d archaeon,seq0356,SP,0.5404,low,yes,CS pos: 26-27. Pr: 0.4173,Unknown,,,0,no,2.00,2.00,2.00,2.00,2.00
GCF_000685155.1,WP_048092740.1,hypothetical protein [Candidatus Methanoperedens nitratireducens],323,3,0,3,8,,,,,,Candidatus Methanoperedens nitroreducens,Ca. M. nitroreducens,ANME-2d archaeon,seq0357,SP,0.9992,high,yes,CS pos: 28-29. Pr: 0.9470,Unknown,,Signal,1,no,2.50,2.50,2.50,2.50,0.00
GCF_000685155.1,WP_052368527.1,cytochrome c3 family protein [Candidatus Methanoperedens nitratireducens],149,3,0,3,8,,,,,,Candidatus Methanoperedens nitroreducens,Ca. M. nitroreducens,ANME-2d archaeon,seq0358,OTHER,0.9878,high,no,,not_submitted,,,,no,,,,,
GCF_000786775.1,WP_034401651.1,"hypothetical protein, partial [Candidatus Scalindua brodae]",244,3,0,3,7,,,,,,Candidatus Scalindua brodae,Ca. S. brodae,Anammox,seq0359,OTHER,1.0000,high,no,,not_submitted,,,,no,,,,,
GCF_000786775.1,WP_034407037.1,"hypothetical protein, partial [Candidatus Scalindua brodae]",129,0,3,3,15,,,,,,Candidatus Scalindua brodae,Ca. S. brodae,Anammox,seq0360,OTHER,1.0000,high,no,,not_submitted,,,,no,,,,,
GCF_000949635.1,WP_052562829.1,MULTISPECIES: excinuclease ABC subunit UvrA [Candidatus Brocadia],936,0,3,3,19,,,,,,Candidatus Brocadia sinica,Ca. B. sinica,Anammox,seq0361,OTHER,1.0000,high,no,,not_submitted,,,,no,,,,,
GCF_000949635.1,WP_052563656.1,MULTISPECIES: hypothetical protein [Candidatus Brocadia],375,0,3,3,21,,,,,,Candidatus Brocadia sinica,Ca. B. sinica,Anammox,seq0362,LIPO,0.8742,medium,yes,CS pos: 19-20. Pr: 0.8518,Cytoplasmic,8.96,CytoSVM,1,no,0.26,0.01,0.26,0.51,8.96
GCF_000949635.1,WP_052564195.1,MULTISPECIES: multiheme c-type cytochrome [Candidatus Brocadia],236,3,0,3,10,,,,,,Candidatus Brocadia sinica,Ca. B. sinica,Anammox,seq0363,SP,0.7821,medium,yes,CS pos: 31-32. Pr: 0.6833,Cytoplasmic,8.96,CytoSVM,1,no,0.26,0.01,0.26,0.51,8.96
GCF_000949635.1,WP_082059307.1,MULTISPECIES: hypothetical protein [Candidatus Brocadia],238,3,0,3,9,,,,,,Candidatus Brocadia sinica,Ca. B. sinica,Anammox,seq0364,SP,0.9991,high,yes,CS pos: 19-20. Pr: 0.9853,Unknown,,CytoSVM;Signal,2,no,2.50,0.10,2.50,4.90,0.00
GCF_000968535.2,WP_014133084.1,cytochrome c peroxidase [Methylotuvimicrobium alcaliphilum],466,3,0,3,6,,,,,,Methylotuvimicrobium alcaliphilum 20Z,Mt. alcaliphilum,Type I MOB (Gammaproteobacteria),seq0365,SP,0.5934,low,yes,CS pos: 24-25. Pr: 0.3865,Periplasmic,9.44,SCL-BLAST,1,no,0.11,0.06,9.44,0.06,0.33
GCF_000968535.2,WP_014148359.1,molecular chaperone DnaJ [Methylotuvimicrobium alcaliphilum],384,3,0,3,11,,,,,,Methylotuvimicrobium alcaliphilum 20Z,Mt. alcaliphilum,Type I MOB (Gammaproteobacteria),seq0366,OTHER,1.0000,high,no,,not_submitted,,,,no,,,,,
GCF_000968535.2,WP_014148727.1,cytochrome c peroxidase [Methylotuvimicrobium alcaliphilum],467,3,0,3,6,,,,,,Methylotuvimicrobium alcaliphilum 20Z,Mt. alcaliphilum,Type I MOB (Gammaproteobacteria),seq0367,OTHER,0.6797,low,no,,not_submitted,,,,no,,,,,
GCF_001273775.1,WP_053381209.1,c-type cytochrome [Nitrospira moscoviensis],337,3,0,3,6,,,,,,Nitrospira moscoviensis,N. moscoviensis,Ecological control,seq0368,OTHER,0.8593,medium,no,,not_submitted,,,,no,,,,,
GCF_001753675.2,WP_070066581.1,multiheme c-type cytochrome [Candidatus Brocadia sapporoensis],236,3,0,3,10,,,,,,Candidatus Brocadia sapporoensis,Ca. B. sapporoensis,Anammox,seq0369,SP,0.9954,high,yes,CS pos: 31-32. Pr: 0.9296,Unknown,,CytoSVM;Signal,2,no,2.50,0.10,2.50,4.90,0.00
GCF_001753675.2,WP_143299126.1,hypothetical protein [Candidatus Brocadia sapporoensis],140,0,3,3,20,,,,,,Candidatus Brocadia sapporoensis,Ca. B. sapporoensis,Anammox,seq0370,OTHER,1.0000,high,no,,not_submitted,,,,no,,,,,
GCF_001753675.2,WP_230402487.1,excinuclease ABC subunit UvrA [Candidatus Brocadia sapporoensis],937,0,3,3,21,,,,,,Candidatus Brocadia sapporoensis,Ca. B. sapporoensis,Anammox,seq0371,OTHER,1.0000,high,no,,not_submitted,,,,no,,,,,
GCF_011066545.1,WP_099326586.1,MULTISPECIES: multiheme c-type cytochrome [Candidatus Kuenenia],236,3,0,3,11,,,,,,Candidatus Kuenenia stuttgartiensis,Ca. K. stuttgartiensis,Anammox,seq0372,SP,0.9990,high,yes,CS pos: 29-30. Pr: 0.9174,Unknown,,CytoSVM;Signal,2,no,2.50,0.10,2.50,4.90,0.00
GCF_011066545.1,WP_164995110.1,cytochrome P460 family protein [Candidatus Kuenenia stuttgartensis],566,3,0,3,7,,,,,,Candidatus Kuenenia stuttgartiensis,Ca. K. stuttgartiensis,Anammox,seq0373,LIPO,0.9998,high,yes,CS pos: 21-22. Pr: 0.9818,Unknown,,,0,no,2.00,2.00,2.00,2.00,2.00
GCF_054182965.1,WP_011111514.1,MULTISPECIES: cytochrome c [Nitrosomonas],425,3,0,3,6,,,,,,Nitrosomonas europaea,N. europaea,Methodological control,seq0374,SP,0.9990,high,yes,CS pos: 30-31. Pr: 0.9741,CytoplasmicMembrane,9.97,SCL-BLAST;Signal,2,no,0.01,0.01,0.01,9.97,0.00
