genome_id,protein_acc,description,length_aa,n_CXXCH,n_CXXCK,n_heme_motifs,n_Cys,signal_peptide,predicted_localization,interpro_domains,neighbour_porin,notes
GCA_000685155.1,KCZ73554.1,IPT/TIG domain-containing protein [Candidatus Methanoperedens nitroreducens],1441,29,0,29,58,,,,,
GCF_000685155.1,WP_048089050.1,IPT/TIG domain-containing protein [Candidatus Methanoperedens nitratireducens],1441,29,0,29,58,,,,,
GCA_000007985.2,AAR35586.1,cytochrome c [Geobacter sulfurreducens PCA],711,27,0,27,54,,,,,
GCA_000007985.2,AAR36279.1,lipoprotein cytochrome c [Geobacter sulfurreducens PCA],884,27,0,27,55,,,,,
GCA_000007985.2,AAR36290.1,lipoprotein cytochrome c [Geobacter sulfurreducens PCA],2803,27,0,27,79,,,,,
GCF_000007985.2,WP_010942850.1,cytochrome c3 family protein [Geobacter sulfurreducens],711,27,0,27,54,,,,,
GCF_000007985.2,WP_010943516.1,PKD domain-containing protein [Geobacter sulfurreducens],884,27,0,27,55,,,,,
GCF_000007985.2,WP_010943528.1,CxxxxCH/CxxCH domain c-type cytochrome [Geobacter sulfurreducens],2803,27,0,27,79,,,,,
GCA_000007985.2,AAR34032.1,lipoprotein cytochrome c [Geobacter sulfurreducens PCA],1916,26,0,26,75,,,,,
GCA_000007985.2,AAR35868.1,cytochrome c [Geobacter sulfurreducens PCA],646,26,0,26,52,,,,,
GCF_000007985.2,WP_235044893.1,cytochrome c3 family protein [Geobacter sulfurreducens],660,26,0,26,52,,,,,
GCF_000007985.2,WP_235044961.1,CxxxxCH/CxxCH domain c-type cytochrome [Geobacter sulfurreducens],1893,26,0,26,74,,,,,
GCA_000007985.2,AAR36276.2,cytochrome c [Geobacter sulfurreducens PCA],1018,24,0,24,54,,,,,
GCF_000007985.2,WP_235044907.1,cytochrome c3 family protein [Geobacter sulfurreducens],1038,24,0,24,55,,,,,
GCA_000007985.2,AAR36304.1,cytochrome c [Geobacter sulfurreducens PCA],1046,23,0,23,54,,,,,
GCF_000007985.2,WP_010943543.1,multiheme c-type cytochrome [Geobacter sulfurreducens],1046,23,0,23,54,,,,,
GCA_000685155.1,KCZ71483.1,hypothetical protein ANME2D_02213 [Candidatus Methanoperedens nitroreducens],1178,22,0,22,46,,,,,
GCF_000685155.1,WP_157834067.1,S-layer protein domain-containing protein [Candidatus Methanoperedens nitratireducens],1178,22,0,22,46,,,,,
GCA_000008325.1,AAU91580.1,cytochrome c family protein [Methylococcus capsulatus str. Bath],600,21,0,21,44,,,,,
GCA_027571405.1,WBJ99480.1,cytochrome C [Methylocystis parvus OBBP],512,21,0,21,44,,,,,
GCF_000008325.1,WP_041361558.1,cytochrome c3 family protein [Methylococcus capsulatus],526,21,0,21,42,,,,,
GCF_027571405.1,WP_193787608.1,cytochrome c3 family protein [Methylocystis parvus],512,21,0,21,44,,,,,
GCA_000007985.2,AAR36275.1,cytochrome c [Geobacter sulfurreducens PCA],902,19,0,19,48,,,,,
GCF_000007985.2,WP_235044906.1,CxxxxCH/CxxCH domain c-type cytochrome [Geobacter sulfurreducens],893,19,0,19,48,,,,,
GCA_000007985.2,AAR36291.1,lipoprotein cytochrome c [Geobacter sulfurreducens PCA],979,16,0,16,48,,,,,
GCA_000091165.1,CBE67887.1,protein of unknown function [Candidatus Methylomirabilis oxygeniifera],732,16,0,16,36,,,,,
GCA_000685155.1,KCZ70628.1,"formate-dependent nitrite reductase, periplasmic cytochrome c552 subunit [Candidatus Methanoperedens nitroreducens]",941,16,0,16,34,,,,,
GCA_000685155.1,KCZ73036.1,hypothetical protein ANME2D_00095 [Candidatus Methanoperedens nitroreducens],746,16,0,16,32,,,,,
GCF_000007985.2,WP_010943529.1,CxxxxCH/CxxCH domain c-type cytochrome [Geobacter sulfurreducens],979,16,0,16,48,,,,,
GCF_000685155.1,WP_048088239.1,hypothetical protein [Candidatus Methanoperedens nitratireducens],746,16,0,16,32,,,,,
GCF_000685155.1,WP_048092373.1,ammonia-forming cytochrome c nitrite reductase subunit c552 [Candidatus Methanoperedens nitratireducens],941,16,0,16,34,,,,,
GCA_000007985.2,AAR35867.2,LOW QUALITY PROTEIN: cytochrome c [Geobacter sulfurreducens PCA],426,15,0,15,32,,,,,
GCA_000007985.2,AAR36274.2,cytochrome c [Geobacter sulfurreducens PCA],710,14,0,14,38,,,,,
GCA_000008325.1,AAU90392.1,NHL domain/cytochrome c family protein [Methylococcus capsulatus str. Bath],930,14,0,14,30,,,,,
GCA_011066545.1,QII11906.1,putative multiheme cytochrome c protein [Candidatus Kuenenia stuttgartiensis],338,14,0,14,29,,,,,
GCA_030583625.1,WKZ14942.1,MAG: cytochrome c3 family protein [Candidatus Jettenia caeni],325,14,0,14,29,,,,,
GCF_000007985.2,WP_010943511.1,CxxxxCH/CxxCH domain c-type cytochrome [Geobacter sulfurreducens],710,14,0,14,38,,,,,
GCF_000008325.1,WP_143708438.1,NHL repeat-containing protein [Methylococcus capsulatus],923,14,0,14,30,,,,,
GCF_011066545.1,WP_099326890.1,MULTISPECIES: cytochrome c3 family protein [Candidatus Kuenenia],338,14,0,14,29,,,,,
GCA_000007985.2,AAR36096.2,cytochrome c [Geobacter sulfurreducens PCA],691,13,0,13,42,,,,,
GCA_000007985.2,AAR36609.1,cytochrome c [Geobacter sulfurreducens PCA],480,13,0,13,30,,,,,
GCA_000091165.1,CBE67886.1,putative Cytochrome b subunit of formate dehydrogenase-like protein [Candidatus Methylomirabilis oxygeniifera],715,13,0,13,28,,,,,
GCA_000685155.1,KCZ70812.1,hypothetical protein ANME2D_02837 [Candidatus Methanoperedens nitroreducens],673,13,0,13,28,,,,,
GCA_000949635.1,GAN32610.1,hypothetical multiheme cytochrome C protein [Candidatus Brocadia sinica JPN1],349,13,0,13,29,,,,,
GCF_000007985.2,WP_010943359.1,CxxxxCH/CxxCH domain c-type cytochrome [Geobacter sulfurreducens],691,13,0,13,42,,,,,
GCF_000007985.2,WP_010943836.1,cytochrome c3 family protein [Geobacter sulfurreducens],480,13,0,13,30,,,,,
GCF_000685155.1,WP_048092725.1,hypothetical protein [Candidatus Methanoperedens nitratireducens],673,13,0,13,28,,,,,
GCF_000949635.1,WP_052562749.1,MULTISPECIES: hypothetical protein [Candidatus Brocadia],341,13,0,13,29,,,,,
GCA_000007985.2,AAR33923.1,lipoprotein cytochrome c [Geobacter sulfurreducens PCA],329,12,0,12,26,,,,,
GCA_000007985.2,AAR34000.2,lipoprotein cytochrome c [Geobacter sulfurreducens PCA],284,12,0,12,25,,,,,
GCA_000007985.2,AAR35372.1,cytochrome c [Geobacter sulfurreducens PCA],343,12,0,12,24,,,,,
GCA_000007985.2,AAR36103.1,lipoprotein cytochrome c [Geobacter sulfurreducens PCA],768,12,0,12,25,,,,,
GCA_000007985.2,AAR36109.1,lipoprotein cytochrome c [Geobacter sulfurreducens PCA],744,12,0,12,25,,,,,
GCA_000007985.2,AAR36327.2,lipoprotein cytochrome c [Geobacter sulfurreducens PCA],623,12,0,12,27,,,,,
GCA_000685155.1,KCZ70811.1,hypothetical protein ANME2D_02836 [Candidatus Methanoperedens nitroreducens],554,12,0,12,24,,,,,
GCA_000685155.1,KCZ73037.1,DnaJ-class molecular chaperone with C-terminal Zn finger domain [Candidatus Methanoperedens nitroreducens],936,12,0,12,26,,,,,
GCA_000685155.1,KCZ73534.1,DnaJ-class molecular chaperone with C-terminal Zn finger domain [Candidatus Methanoperedens nitroreducens],362,12,0,12,26,,,,,
GCF_000007985.2,WP_010941255.1,cytochrome c3 family protein [Geobacter sulfurreducens],329,12,0,12,26,,,,,
GCF_000007985.2,WP_010941330.1,cytochrome c [Geobacter sulfurreducens],284,12,0,12,25,,,,,
GCF_000007985.2,WP_010942639.1,cytochrome c3 family protein [Geobacter sulfurreducens],343,12,0,12,24,,,,,
GCF_000007985.2,WP_010943365.1,C-type polyheme cytochrome OmcC [Geobacter sulfurreducens],768,12,0,12,25,,,,,
GCF_000007985.2,WP_010943369.1,C-type polyheme cytochrome OmcB [Geobacter sulfurreducens],744,12,0,12,25,,,,,
GCF_000007985.2,WP_010943566.1,selenite/tellurite reduction operon c-type cytochrome ExtM [Geobacter sulfurreducens],623,12,0,12,27,,,,,
GCF_000685155.1,WP_048088240.1,S-layer protein domain-containing protein [Candidatus Methanoperedens nitratireducens],936,12,0,12,26,,,,,
GCF_000685155.1,WP_048089032.1,cytochrome c3 family protein [Candidatus Methanoperedens nitratireducens],362,12,0,12,26,,,,,
GCF_000685155.1,WP_048092723.1,cytochrome c3 family protein [Candidatus Methanoperedens nitratireducens],554,12,0,12,24,,,,,
GCA_000007985.2,AAR36017.2,cytochrome c [Geobacter sulfurreducens PCA],310,11,0,11,25,,,,,
GCA_000685155.1,KCZ70813.1,hypothetical protein ANME2D_02838 [Candidatus Methanoperedens nitroreducens],883,11,0,11,26,,,,,
GCA_000685155.1,KCZ72437.1,hypothetical protein ANME2D_00864 [Candidatus Methanoperedens nitroreducens],315,11,0,11,23,,,,,
GCA_000786775.1,KHE92653.1,MAG: undeca heme containing cytochrome c protein [Candidatus Scalindua brodae],400,11,0,11,24,,,,,
GCA_000949635.1,GAN34149.1,multihaem cytochrome [Candidatus Brocadia sinica JPN1],408,11,0,11,22,,,,,
GCA_001753675.2,OQD45552.1,hypothetical protein BIY37_07875 [Candidatus Brocadia sapporoensis],407,11,0,11,25,,,,,
GCA_011066545.1,QII10663.1,putative undeca heme containing cytochrome c protein [Candidatus Kuenenia stuttgartiensis],404,11,0,11,22,,,,,
GCA_030583625.1,WKZ14811.1,MAG: cytochrome c3 family protein [Candidatus Jettenia caeni],333,11,0,11,25,,,,,
GCA_030583625.1,WKZ16184.1,MAG: NapC/NirT family cytochrome c [Candidatus Jettenia caeni],404,11,0,11,22,,,,,
GCF_000007985.2,WP_235044898.1,cytochrome C [Geobacter sulfurreducens],258,11,0,11,24,,,,,
GCF_000008325.1,WP_143708532.1,cytochrome c3 family protein [Methylococcus capsulatus],320,11,0,11,22,,,,,
GCF_000685155.1,WP_048092727.1,cytochrome c3 family protein [Candidatus Methanoperedens nitratireducens],883,11,0,11,26,,,,,
GCF_000685155.1,WP_157833958.1,cytochrome c3 family protein [Candidatus Methanoperedens nitratireducens],315,11,0,11,23,,,,,
GCF_000786775.1,WP_034404551.1,hypothetical protein [Candidatus Scalindua brodae],400,11,0,11,24,,,,,
GCF_000949635.1,WP_052564208.1,multiheme c-type cytochrome [Candidatus Brocadia sinica],408,11,0,11,22,,,,,
GCF_001753675.2,WP_070067272.1,multiheme c-type cytochrome [Candidatus Brocadia sapporoensis],407,11,0,11,25,,,,,
GCF_001753675.2,WP_143299191.1,hypothetical protein [Candidatus Brocadia sapporoensis],253,11,0,11,23,,,,,
GCF_011066545.1,WP_099325822.1,MULTISPECIES: NapC/NirT family cytochrome c [Candidatus Kuenenia],404,11,0,11,22,,,,,
GCA_000007985.2,AAR35579.1,lipoprotein cytochrome c [Geobacter sulfurreducens PCA],363,10,0,10,21,,,,,
GCA_000007985.2,AAR36326.2,cytochrome c [Geobacter sulfurreducens PCA],421,10,0,10,22,,,,,
GCA_000007985.2,AAR36617.1,cytochrome c [Geobacter sulfurreducens PCA],576,10,0,10,25,,,,,
GCA_000146165.2,AAN54492.1,periplasmic decaheme cytochrome c DmsE [Shewanella oneidensis MR-1],318,10,0,10,20,,,,,
GCA_000146165.2,AAN54714.2,surface localized decaheme cytochrome c lipoprotein [Shewanella oneidensis MR-1],759,10,0,10,26,,,,,
GCA_000146165.2,AAN54830.1,extracelllular iron oxide respiratory system periplasmic decaheme cytochrome c component MtrA [Shewanella oneidensis MR-1],333,10,0,10,21,,,,,
GCA_000146165.2,AAN54831.1,extracellular iron oxide respiratory system surface decaheme cytochrome c component MtrC [Shewanella oneidensis MR-1],671,10,0,10,23,,,,,
GCA_000146165.2,AAN54832.1,extracellular iron oxide respiratory system surface decaheme cytochrome c component OmcA [Shewanella oneidensis MR-1],735,10,0,10,25,,,,,
GCA_000146165.2,AAN54833.1,extracellular respiratory system surface decaheme cytochrome c component MtrF [Shewanella oneidensis MR-1],639,10,0,10,25,,,,,
GCA_000146165.2,AAN54835.2,extracellular respiratory system periplasmic decaheme cytochrome c component MtrD [Shewanella oneidensis MR-1],321,10,0,10,20,,,,,
GCA_000146165.2,AAN57328.1,periplasmic decaheme cytochrome c MtrA family [Shewanella oneidensis MR-1],304,10,0,10,21,,,,,
GCA_000786775.1,KHE94070.1,MAG: putative heme protein [Candidatus Scalindua brodae],447,10,0,10,25,,,,,
GCA_000949635.1,GAN31712.1,hypothetical multiheme protein [Candidatus Brocadia sinica JPN1],384,10,0,10,24,,,,,
GCA_000949635.1,GAN34262.1,hypothetical multiheme protein [Candidatus Brocadia sinica JPN1],433,10,0,10,23,,,,,
GCA_011066545.1,QII09427.1,putative multiheme protein [Candidatus Kuenenia stuttgartiensis],419,10,0,10,23,,,,,
GCA_030583625.1,WKZ16135.1,MAG: cytochrome c3 family protein [Candidatus Jettenia caeni],480,10,0,10,23,,,,,
GCF_000007985.2,WP_010942843.1,GSU2203 family decaheme c-type cytochrome [Geobacter sulfurreducens],363,10,0,10,21,,,,,
GCF_000007985.2,WP_010943565.1,selenite/tellurite reduction operon b-type cytochrome iron-sulfur cluster-binding subunit ExtO [Geobacter sulfurreducens],421,10,0,10,22,,,,,
GCF_000007985.2,WP_010943843.1,cytochrome c3 family protein [Geobacter sulfurreducens],576,10,0,10,25,,,,,
GCF_000146165.2,WP_011071629.1,DmsE family decaheme c-type cytochrome [Shewanella oneidensis],318,10,0,10,20,,,,,
GCF_000146165.2,WP_011071811.1,OmcA/MtrC family decaheme c-type cytochrome [Shewanella oneidensis],759,10,0,10,26,,,,,
GCF_000146165.2,WP_011071900.1,decaheme c-type cytochrome MtrA [Shewanella oneidensis],333,10,0,10,21,,,,,
GCF_000146165.2,WP_011071901.1,decaheme c-type cytochrome MtrC [Shewanella oneidensis],671,10,0,10,23,,,,,
GCF_000146165.2,WP_011071902.1,decaheme c-type cytochrome OmcA [Shewanella oneidensis],735,10,0,10,25,,,,,
GCF_000146165.2,WP_011071903.1,decaheme c-type cytochrome MtrF [Shewanella oneidensis],639,10,0,10,25,,,,,
GCF_000146165.2,WP_011071905.1,DmsE family decaheme c-type cytochrome [Shewanella oneidensis],321,10,0,10,20,,,,,
GCF_000146165.2,WP_238560522.1,DmsE family decaheme c-type cytochrome [Shewanella oneidensis],316,10,0,10,21,,,,,
GCF_000786775.1,WP_034401653.1,hypothetical protein [Candidatus Scalindua brodae],447,10,0,10,25,,,,,
GCF_000949635.1,WP_052561545.1,cytochrome c3 family protein [Candidatus Brocadia sinica],384,10,0,10,24,,,,,
GCF_000949635.1,WP_052564298.1,cytochrome c3 family protein [Candidatus Brocadia sinica],433,10,0,10,23,,,,,
GCF_011066545.1,WP_164994282.1,hypothetical protein [Candidatus Kuenenia stuttgartensis],419,10,0,10,23,,,,,
GCA_000007985.2,AAR33608.1,"cytochrome c,  and cytochrome b [Geobacter sulfurreducens PCA]",619,9,0,9,18,,,,,
GCA_000007985.2,AAR33946.2,cytochrome c [Geobacter sulfurreducens PCA],337,9,0,9,24,,,,,
GCA_000007985.2,AAR34604.1,lipoprotein cytochrome c [Geobacter sulfurreducens PCA],337,9,0,9,22,,,,,
GCA_000007985.2,AAR36528.1,cytochrome c [Geobacter sulfurreducens PCA],591,9,0,9,21,,,,,
GCA_000008325.1,AAU90385.1,cytochrome c5530 family protein [Methylococcus capsulatus str. Bath],969,9,0,9,24,,,,,
GCA_000008325.1,AAU90411.1,cytochrome c5530 family protein [Methylococcus capsulatus str. Bath],1107,9,0,9,24,,,,,
GCA_000008325.1,AAU91624.1,cytochrome c5530 family protein [Methylococcus capsulatus str. Bath],1062,9,0,9,25,,,,,
GCA_000008325.1,AAU91739.1,cytochrome c5530 family protein [Methylococcus capsulatus str. Bath],1069,9,0,9,24,,,,,
GCA_000019665.1,ACD84488.1,Cytochrome c family protein [Methylacidiphilum infernorum V4],731,9,0,9,19,,,,,
GCA_000091165.1,CBE67880.1,putative deca-heme c-type cytochrome (fragment) [Candidatus Methylomirabilis oxygeniifera],333,9,0,9,21,,,,,
GCA_000091165.1,CBE67884.1,exported protein of unknown function [Candidatus Methylomirabilis oxygeniifera],422,9,0,9,18,,,,,
GCA_000214665.1,AEG00469.1,cell surface receptor IPT/TIG domain protein [Methylomonas methanica MC09],724,9,0,9,21,,,,,
GCA_000297415.1,CCG93258.1,putative hydroxylamine oxidoreductase [Methylacidiphilum fumariolicum SolV],715,9,0,9,19,,,,,
GCA_027571405.1,WBJ99476.1,cytochrome c3 family protein [Methylocystis parvus OBBP],308,9,0,9,21,,,,,
GCF_000007985.2,WP_010940947.1,cytochrome c3 family protein [Geobacter sulfurreducens],619,9,0,9,18,,,,,
GCF_000007985.2,WP_010941884.1,DmsE family decaheme c-type cytochrome [Geobacter sulfurreducens],337,9,0,9,22,,,,,
GCF_000007985.2,WP_010943759.1,cytochrome c3 family protein [Geobacter sulfurreducens],591,9,0,9,21,,,,,
GCF_000007985.2,WP_235044958.1,cytochrome c3 family protein [Geobacter sulfurreducens],284,9,0,9,21,,,,,
GCF_000008325.1,WP_010959699.1,PKD domain-containing protein [Methylococcus capsulatus],969,9,0,9,24,,,,,
GCF_000008325.1,WP_010961396.1,cytochrome c5530 family protein [Methylococcus capsulatus],1062,9,0,9,25,,,,,
GCF_000008325.1,WP_041360666.1,hypothetical protein [Methylococcus capsulatus],1080,9,0,9,24,,,,,
GCF_000008325.1,WP_143708536.1,cytochrome C [Methylococcus capsulatus],1037,9,0,9,24,,,,,
GCF_000019665.1,WP_148205258.1,multiheme c-type cytochrome [Candidatus Methylacidiphilum infernorum],719,9,0,9,19,,,,,
GCF_000091165.1,WP_015743395.1,hypothetical protein [Candidatus Methylomirabilis oxyfera],422,9,0,9,18,,,,,
GCF_000091165.1,WP_044595708.1,"hypothetical protein, partial [Candidatus Methylomirabilis oxyfera]",291,9,0,9,20,,,,,
GCF_000214665.1,WP_238527351.1,carboxypeptidase regulatory-like domain-containing protein [Methylomonas methanica],552,9,0,9,20,,,,,
GCF_000297415.1,WP_009061861.1,multiheme c-type cytochrome [Candidatus Methylacidiphilum fumarolicum],715,9,0,9,19,,,,,
GCF_027571405.1,WP_016920456.1,cytochrome c3 family protein [Methylocystis parvus],308,9,0,9,21,,,,,
GCA_000007985.2,AAR33689.1,cytochrome c nitrite reductase [Geobacter sulfurreducens PCA],533,7,1,8,17,,,,,
GCA_000007985.2,AAR33947.1,cytochrome c [Geobacter sulfurreducens PCA],330,8,0,8,17,,,,,
GCA_000007985.2,AAR35577.1,cytochrome c [Geobacter sulfurreducens PCA],456,8,0,8,17,,,,,
GCA_000007985.2,AAR35675.1,cytochrome c [Geobacter sulfurreducens PCA],482,8,0,8,19,,,,,
GCA_000007985.2,AAR36104.1,cytochrome c [Geobacter sulfurreducens PCA],231,8,0,8,16,,,,,
GCA_000007985.2,AAR36110.1,cytochrome c [Geobacter sulfurreducens PCA],231,8,0,8,16,,,,,
GCA_000008325.1,AAU90410.1,cytochrome c5530 [Methylococcus capsulatus str. Bath],1158,8,0,8,21,,,,,
GCA_000008325.1,AAU92745.1,hydroxylamine oxydoreductase [Methylococcus capsulatus str. Bath],559,8,0,8,17,,,,,
GCA_000091165.1,CBE68727.1,hypothetical octaheam cytochrome c [Candidatus Methylomirabilis oxygeniifera],856,8,0,8,16,,,,,
GCA_000091165.1,CBE69335.1,Hydroxylamine oxidase precursor [Candidatus Methylomirabilis oxygeniifera],428,8,0,8,18,,,,,
GCA_000091165.1,CBE69546.1,Similar to hydroxylamine oxidoreductase hao [Candidatus Methylomirabilis oxygeniifera],462,8,0,8,16,,,,,
GCA_000146165.2,AAN57117.1,octaheme tetrathionate reductase Otr [Shewanella oneidensis MR-1],461,8,0,8,17,,,,,
GCA_000214275.3,EIC30443.1,hypothetical protein Metal_2745 [Methylomicrobium album BG8],557,8,0,8,16,,,,,
GCA_000496735.2,ESS73618.1,hydroxylamine oxidoreductase Hao [Methyloglobulus morosus KoM1],539,8,0,8,18,,,,,
GCA_000685155.1,KCZ70387.1,hypothetical protein ANME2D_03302 [Candidatus Methanoperedens nitroreducens],443,8,0,8,16,,,,,
GCA_000685155.1,KCZ70808.1,hypothetical protein ANME2D_02833 [Candidatus Methanoperedens nitroreducens],3539,8,0,8,16,,,,,
GCA_000685155.1,KCZ73062.1,doubled CXXCH motif-containing protein [Candidatus Methanoperedens nitroreducens],427,8,0,8,16,,,,,
GCA_000685155.1,KCZ73597.1,IPT/TIG domain-containing protein [Candidatus Methanoperedens nitroreducens],503,8,0,8,16,,,,,
GCA_000786775.1,KHE90572.1,MAG: hydroxylamine oxidoreductase [Candidatus Scalindua brodae],523,8,0,8,17,,,,,
GCA_000786775.1,KHE90580.1,MAG: hydroxylamine oxidoreductase [Candidatus Scalindua brodae],585,8,0,8,16,,,,,
GCA_000786775.1,KHE92011.1,"MAG: hydroxylamine oxidoreductase, partial [Candidatus Scalindua brodae]",550,8,0,8,16,,,,,
GCA_000786775.1,KHE92664.1,MAG: hydroxylamine oxidoreductase [Candidatus Scalindua brodae],540,8,0,8,20,,,,,
GCA_000786775.1,KHE93034.1,MAG: hypothetical protein SCABRO_01197 [Candidatus Scalindua brodae],533,8,0,8,18,,,,,
GCA_000786775.1,KHE93072.1,MAG: putative heme protein [Candidatus Scalindua brodae],276,8,0,8,16,,,,,
GCA_000786775.1,KHE93894.1,MAG: putative cytochrome c [Candidatus Scalindua brodae],951,8,0,8,16,,,,,
GCA_000949635.1,GAN31630.1,hydroxylamine oxidoreductase [Candidatus Brocadia sinica JPN1],536,8,0,8,17,,,,,
GCA_000949635.1,GAN31798.1,hypothetical cytochrome protein [Candidatus Brocadia sinica JPN1],616,8,0,8,18,,,,,
GCA_000949635.1,GAN31997.1,hydroxylamine oxidoreductase [Candidatus Brocadia sinica JPN1],580,8,0,8,16,,,,,
GCA_000949635.1,GAN32206.1,hydroxylamine oxydoreductase [Candidatus Brocadia sinica JPN1],483,8,0,8,16,,,,,
GCA_000949635.1,GAN32945.1,hydroxylamine oxidoreductase [Candidatus Brocadia sinica JPN1],549,8,0,8,20,,,,,
GCA_000949635.1,GAN33619.1,hypothetical cytochrome c protein [Candidatus Brocadia sinica JPN1],954,8,0,8,16,,,,,
GCA_000949635.1,GAN33950.1,hydroxylamine oxidoreductase [Candidatus Brocadia sinica JPN1],529,8,0,8,18,,,,,
GCA_000949635.1,GAN34141.1,hydroxylamine oxidase [Candidatus Brocadia sinica JPN1],537,8,0,8,20,,,,,
GCA_000949635.1,GAN34261.1,hypothetical cytochrome protein [Candidatus Brocadia sinica JPN1],621,8,0,8,21,,,,,
GCA_000949635.1,GAN34508.1,multicopper oxidase [Candidatus Brocadia sinica JPN1],875,8,0,8,19,,,,,
GCA_000949635.1,GAN34989.1,hydroxylamine oxidoreductase [Candidatus Brocadia sinica JPN1],453,8,0,8,22,,,,,
GCA_000949635.1,GAN35315.1,hydroxylamine oxidoreductase [Candidatus Brocadia sinica JPN1],496,8,0,8,18,,,,,
GCA_000968535.1,CCE23516.1,Hydroxylamine oxidoreductase [Methylotuvimicrobium alcaliphilum 20Z],551,8,0,8,16,,,,,
GCA_001273775.1,ALA57709.1,putative octaheme cytochrome c [Nitrospira moscoviensis],474,8,0,8,17,,,,,
GCA_001753675.2,OQD44887.1,hypothetical protein BIY37_11225 [Candidatus Brocadia sapporoensis],542,8,0,8,18,,,,,
GCA_001753675.2,OQD44929.1,hydroxylamine oxidoreductase [Candidatus Brocadia sapporoensis],581,8,0,8,16,,,,,
GCA_001753675.2,OQD45415.1,hypothetical protein BIY37_08650 [Candidatus Brocadia sapporoensis],946,8,0,8,16,,,,,
GCA_001753675.2,OQD45607.1,hydroxylamine oxidoreductase [Candidatus Brocadia sapporoensis],549,8,0,8,20,,,,,
GCA_001753675.2,OQD46021.1,hydroxylamine oxidoreductase [Candidatus Brocadia sapporoensis],536,8,0,8,17,,,,,
GCA_001753675.2,OQD46062.1,hypothetical protein BIY37_05265 [Candidatus Brocadia sapporoensis],767,8,0,8,20,,,,,
GCA_001753675.2,OQD46201.1,hypothetical protein BIY37_04505 [Candidatus Brocadia sapporoensis],483,8,0,8,18,,,,,
GCA_001753675.2,OQD46723.1,hypothetical protein BIY37_01555 [Candidatus Brocadia sapporoensis],456,8,0,8,21,,,,,
GCA_001753675.2,OQD46828.1,hypothetical protein BIY37_01405 [Candidatus Brocadia sapporoensis],552,8,0,8,18,,,,,
GCA_001753675.2,OQD47018.1,hydroxylamine oxidoreductase [Candidatus Brocadia sapporoensis],535,8,0,8,20,,,,,
GCA_011066545.1,QII09856.1,putative hydroxylamine oxidoreductase hao [Candidatus Kuenenia stuttgartiensis],554,8,0,8,18,,,,,
GCA_011066545.1,QII10407.1,putative cytochrome c protein [Candidatus Kuenenia stuttgartiensis],946,8,0,8,17,,,,,
GCA_011066545.1,QII12342.1,putative hydroxylamine oxidoreductase hao [Candidatus Kuenenia stuttgartiensis],584,8,0,8,17,,,,,
GCA_011066545.1,QII12968.1,putative copper oxidase and hydroxylamine oxidoreductase (Fusion protein) [Candidatus Kuenenia stuttgartiensis],852,8,0,8,23,,,,,
GCA_011066545.1,QII12992.1,putative hydroxylamine oxidoreductase hao [Candidatus Kuenenia stuttgartiensis],433,8,0,8,20,,,,,
GCA_011066545.1,QII13019.1,putative hydroxylamine oxidoreductase hao [Candidatus Kuenenia stuttgartiensis],499,8,0,8,20,,,,,
GCA_011066545.1,QII13462.1,putative hydroxylamine oxidoreductase hao [Candidatus Kuenenia stuttgartiensis],591,8,0,8,19,,,,,
GCA_011066545.1,QII13707.1,NO-producing hydroxylamine oxidase [Candidatus Kuenenia stuttgartiensis],536,8,0,8,19,,,,,
GCA_011066545.1,QII14326.1,putative hydroxylamine oxidoreductase hao [Candidatus Kuenenia stuttgartiensis],545,8,0,8,16,,,,,
GCA_027571405.1,WBJ98466.1,tetratricopeptide repeat protein [Methylocystis parvus OBBP],763,8,0,8,17,,,,,
GCA_027571405.1,WBK00306.1,hydroxylamine reductase [Methylocystis parvus OBBP],569,8,0,8,17,,,,,
GCA_030583625.1,WKZ14277.1,MAG: multiheme c-type cytochrome [Candidatus Jettenia caeni],537,8,0,8,17,,,,,
GCA_030583625.1,WKZ14796.1,MAG: tetratricopeptide repeat protein [Candidatus Jettenia caeni],781,8,0,8,21,,,,,
GCA_030583625.1,WKZ14812.1,MAG: multiheme c-type cytochrome [Candidatus Jettenia caeni],445,8,0,8,19,,,,,
GCA_030583625.1,WKZ14897.1,MAG: multiheme c-type cytochrome [Candidatus Jettenia caeni],502,8,0,8,17,,,,,
GCA_030583625.1,WKZ15226.1,MAG: multiheme c-type cytochrome [Candidatus Jettenia caeni],581,8,0,8,16,,,,,
GCA_030583625.1,WKZ15625.1,MAG: multiheme c-type cytochrome [Candidatus Jettenia caeni],836,8,0,8,19,,,,,
GCA_030583625.1,WKZ15807.1,MAG: multiheme c-type cytochrome [Candidatus Jettenia caeni],530,8,0,8,17,,,,,
GCA_030583625.1,WKZ16191.1,MAG: multiheme c-type cytochrome [Candidatus Jettenia caeni],537,8,0,8,20,,,,,
GCA_030583625.1,WKZ16741.1,MAG: multiheme c-type cytochrome [Candidatus Jettenia caeni],579,8,0,8,22,,,,,
GCA_030583625.1,WKZ16869.1,MAG: c-type cytochrome [Candidatus Jettenia caeni],945,8,0,8,16,,,,,
GCA_054182965.1,MGY8629228.1,hydroxylamine oxidoreductase [Nitrosomonas europaea],570,8,0,8,18,,,,,
GCA_054182965.1,MGY8630299.1,hydroxylamine oxidoreductase [Nitrosomonas europaea],570,8,0,8,18,,,,,
GCA_054182965.1,MGY8630603.1,hydroxylamine oxidoreductase [Nitrosomonas europaea],570,8,0,8,18,,,,,
GCA_949769195.1,CAI8895962.1,conserved exported protein of unknown function [Methylocaldum szegediense],759,8,0,8,17,,,,,
GCA_949769195.1,CAI8898772.1,Hydroxylamine oxidoreductase [Methylocaldum szegediense],539,8,0,8,16,,,,,
GCF_000007985.2,WP_010941025.1,MULTISPECIES: ammonia-forming cytochrome c nitrite reductase subunit c552 [Geobacter],533,7,1,8,17,,,,,
GCF_000007985.2,WP_010941278.1,MULTISPECIES: cytochrome c3 family protein [Geobacter],330,8,0,8,17,,,,,
GCF_000007985.2,WP_010942841.1,cytochrome c [Geobacter sulfurreducens],456,8,0,8,17,,,,,
GCF_000007985.2,WP_010942936.1,tetrathionate reductase family octaheme c-type cytochrome [Geobacter sulfurreducens],482,8,0,8,19,,,,,
GCF_000007985.2,WP_010943366.1,cytochrome c [Geobacter sulfurreducens],231,8,0,8,16,,,,,
GCF_000008325.1,WP_010959782.1,PKD domain-containing protein [Methylococcus capsulatus],1158,8,0,8,21,,,,,
GCF_000008325.1,WP_017364377.1,hypothetical protein [Methylococcus capsulatus],332,8,0,8,18,,,,,
GCF_000008325.1,WP_081423403.1,multiheme c-type cytochrome [Methylococcus capsulatus],534,8,0,8,16,,,,,
GCF_000091165.1,WP_015745008.1,hydroxylamine oxidoreductase hao [Candidatus Methylomirabilis oxyfera],462,8,0,8,16,,,,,
GCF_000091165.1,WP_044595962.1,cytochrome C [Candidatus Methylomirabilis oxyfera],408,8,0,8,16,,,,,
GCF_000146165.2,WP_011073841.1,tetrathionate reductase family octaheme c-type cytochrome [Shewanella oneidensis],461,8,0,8,17,,,,,
GCF_000178815.2,WP_003612355.1,MULTISPECIES: multiheme c-type cytochrome [Methylosinus],650,8,0,8,17,,,,,
GCF_000214275.2,WP_245549370.1,multiheme c-type cytochrome [Methylomicrobium album],553,8,0,8,16,,,,,
GCF_000372865.1,WP_026223604.1,multiheme c-type cytochrome [Methylosarcina fibrata],549,8,0,8,16,,,,,
GCF_000372865.1,WP_157385900.1,multiheme c-type cytochrome [Methylosarcina fibrata],675,8,0,8,16,,,,,
GCF_000427445.1,WP_051335722.1,cytochrome c3 family protein [Methylocapsa acidiphila],788,8,0,8,16,,,,,
GCF_000496735.2,WP_023493442.1,multiheme c-type cytochrome [Methyloglobulus morosus],539,8,0,8,18,,,,,
GCF_000685155.1,WP_048088257.1,multiheme c-type cytochrome [Candidatus Methanoperedens nitratireducens],427,8,0,8,16,,,,,
GCF_000685155.1,WP_048089088.1,IPT/TIG domain-containing protein [Candidatus Methanoperedens nitratireducens],503,8,0,8,16,,,,,
GCF_000685155.1,WP_048092719.1,carboxypeptidase regulatory-like domain-containing protein [Candidatus Methanoperedens nitratireducens],3539,8,0,8,16,,,,,
GCF_000685155.1,WP_048093919.1,multiheme c-type cytochrome [Candidatus Methanoperedens nitratireducens],443,8,0,8,16,,,,,
GCF_000786775.1,WP_034401884.1,hypothetical protein [Candidatus Scalindua brodae],951,8,0,8,16,,,,,
GCF_000786775.1,WP_034403630.1,hypothetical protein [Candidatus Scalindua brodae],276,8,0,8,16,,,,,
GCF_000786775.1,WP_034404593.1,hypothetical protein [Candidatus Scalindua brodae],540,8,0,8,20,,,,,
GCF_000786775.1,WP_034406467.1,"hypothetical protein, partial [Candidatus Scalindua brodae]",543,8,0,8,16,,,,,
GCF_000786775.1,WP_034410007.1,hypothetical protein [Candidatus Scalindua brodae],523,8,0,8,17,,,,,
GCF_000786775.1,WP_034410018.1,hypothetical protein [Candidatus Scalindua brodae],585,8,0,8,16,,,,,
GCF_000949635.1,WP_052561403.1,MULTISPECIES: multiheme c-type cytochrome [Candidatus Brocadia],536,8,0,8,17,,,,,
GCF_000949635.1,WP_052562057.1,MULTISPECIES: multiheme c-type cytochrome [Candidatus Brocadia],580,8,0,8,16,,,,,
GCF_000949635.1,WP_052562357.1,MULTISPECIES: multiheme c-type cytochrome [Candidatus Brocadia],483,8,0,8,16,,,,,
GCF_000949635.1,WP_052563021.1,MULTISPECIES: multiheme c-type cytochrome [Candidatus Brocadia],549,8,0,8,20,,,,,
GCF_000949635.1,WP_052564011.1,MULTISPECIES: multiheme c-type cytochrome [Candidatus Brocadia],529,8,0,8,18,,,,,
GCF_000949635.1,WP_052564200.1,multiheme c-type cytochrome [Candidatus Brocadia sinica],537,8,0,8,20,,,,,
GCF_000949635.1,WP_052564297.1,cytochrome c3 family protein [Candidatus Brocadia sinica],621,8,0,8,21,,,,,
GCF_000949635.1,WP_052564507.1,MULTISPECIES: multiheme c-type cytochrome [Candidatus Brocadia],875,8,0,8,19,,,,,
GCF_000949635.1,WP_052564936.1,MULTISPECIES: multiheme c-type cytochrome [Candidatus Brocadia],453,8,0,8,22,,,,,
GCF_000949635.1,WP_082059321.1,MULTISPECIES: multiheme c-type cytochrome [Candidatus Brocadia],496,8,0,8,18,,,,,
GCF_000949635.1,WP_157842478.1,MULTISPECIES: c-type cytochrome [Candidatus Brocadia],954,8,0,8,16,,,,,
GCF_000949635.1,WP_162183211.1,MULTISPECIES: cytochrome c3 family protein [Candidatus Brocadia],616,8,0,8,18,,,,,
GCF_000968535.2,WP_014148309.1,multiheme c-type cytochrome [Methylotuvimicrobium alcaliphilum],551,8,0,8,16,,,,,
GCF_001273775.1,WP_053378997.1,multiheme c-type cytochrome [Nitrospira moscoviensis],474,8,0,8,17,,,,,
GCF_001753675.2,WP_070065825.1,multiheme c-type cytochrome [Candidatus Brocadia sapporoensis],535,8,0,8,20,,,,,
GCF_001753675.2,WP_070066050.1,multiheme c-type cytochrome [Candidatus Brocadia sapporoensis],552,8,0,8,18,,,,,
GCF_001753675.2,WP_070066632.1,multiheme c-type cytochrome [Candidatus Brocadia sapporoensis],483,8,0,8,18,,,,,
GCF_001753675.2,WP_070066811.1,multiheme c-type cytochrome [Candidatus Brocadia sapporoensis],536,8,0,8,17,,,,,
GCF_001753675.2,WP_070067189.1,multiheme c-type cytochrome [Candidatus Brocadia sapporoensis],549,8,0,8,20,,,,,
GCF_001753675.2,WP_070067420.1,c-type cytochrome [Candidatus Brocadia sapporoensis],946,8,0,8,16,,,,,
GCF_001753675.2,WP_070067859.1,multiheme c-type cytochrome [Candidatus Brocadia sapporoensis],581,8,0,8,16,,,,,
GCF_001753675.2,WP_070067919.1,multiheme c-type cytochrome [Candidatus Brocadia sapporoensis],542,8,0,8,18,,,,,
GCF_001753675.2,WP_080324769.1,multiheme c-type cytochrome [Candidatus Brocadia sapporoensis],511,8,0,8,21,,,,,
GCF_001753675.2,WP_080324860.1,tetratricopeptide repeat protein [Candidatus Brocadia sapporoensis],779,8,0,8,21,,,,,
GCF_011066545.1,WP_099325351.1,MULTISPECIES: multiheme c-type cytochrome [Candidatus Kuenenia],545,8,0,8,16,,,,,
GCF_011066545.1,WP_099325788.1,MULTISPECIES: hydroxylamine oxidase [Candidatus Kuenenia],536,8,0,8,19,,,,,
GCF_011066545.1,WP_099326403.1,MULTISPECIES: multiheme c-type cytochrome [Candidatus Kuenenia],499,8,0,8,20,,,,,
GCF_011066545.1,WP_099326442.1,MULTISPECIES: multiheme c-type cytochrome [Candidatus Kuenenia],852,8,0,8,23,,,,,
GCF_011066545.1,WP_099326726.1,MULTISPECIES: multiheme c-type cytochrome [Candidatus Kuenenia],584,8,0,8,17,,,,,
GCF_011066545.1,WP_164994417.1,multiheme c-type cytochrome [Candidatus Kuenenia stuttgartensis],554,8,0,8,18,,,,,
GCF_011066545.1,WP_164994550.1,c-type cytochrome [Candidatus Kuenenia stuttgartensis],946,8,0,8,17,,,,,
GCF_011066545.1,WP_164995292.1,multiheme c-type cytochrome [Candidatus Kuenenia stuttgartensis],433,8,0,8,20,,,,,
GCF_011066545.1,WP_230405693.1,MULTISPECIES: multiheme c-type cytochrome [Candidatus Kuenenia],591,8,0,8,19,,,,,
GCF_027571405.1,WP_016919490.1,multiheme c-type cytochrome [Methylocystis parvus],569,8,0,8,17,,,,,
GCF_027571405.1,WP_154419847.1,tetratricopeptide repeat protein [Methylocystis parvus],763,8,0,8,17,,,,,
GCF_054182965.1,WP_011111571.1,MULTISPECIES: hydroxylamine oxidoreductase [Nitrosomonas],570,8,0,8,18,,,,,
GCF_949769195.1,WP_036269067.1,multiheme c-type cytochrome [Methylocaldum szegediense],539,8,0,8,16,,,,,
GCF_949769195.1,WP_051331836.1,tetratricopeptide repeat protein [Methylocaldum szegediense],759,8,0,8,17,,,,,
GCA_000007985.2,AAR33925.1,cytochrome c [Geobacter sulfurreducens PCA],349,7,0,7,14,,,,,
GCA_000007985.2,AAR34710.1,cytochrome c [Geobacter sulfurreducens PCA],479,7,0,7,16,,,,,
GCA_000007985.2,AAR35163.1,cytochrome c [Geobacter sulfurreducens PCA],363,7,0,7,17,,,,,
GCA_000007985.2,AAR35452.1,cytochrome c [Geobacter sulfurreducens PCA],473,7,0,7,16,,,,,
GCA_000007985.2,AAR36619.1,cytochrome c [Geobacter sulfurreducens PCA],991,7,0,7,19,,,,,
GCA_000007985.2,AAR36624.2,cytochrome c [Geobacter sulfurreducens PCA],1063,7,0,7,16,,,,,
GCA_000007985.2,AFP20507.1,cytochrome c [Geobacter sulfurreducens PCA],353,7,0,7,16,,,,,
GCA_000008325.1,AAU90405.1,hypothetical protein MCA0428 [Methylococcus capsulatus str. Bath],154,7,0,7,14,,,,,
GCA_000008325.1,AAU90407.1,cytochrome c family protein [Methylococcus capsulatus str. Bath],916,7,0,7,18,,,,,
GCA_000008325.1,AAU90409.1,cytochrome c family protein [Methylococcus capsulatus str. Bath],917,7,0,7,19,,,,,
GCA_000019665.1,ACD83654.1,Conserved hypothetical protein [Methylacidiphilum infernorum V4],798,7,0,7,18,,,,,
GCA_000146165.2,AAN53560.2,sulfite reductase octaheme cytochrome c SirA [Shewanella oneidensis MR-1],708,7,0,7,20,,,,,
GCA_000297415.1,CCG91952.1,conserved exported hypothetical protein [Methylacidiphilum fumariolicum SolV],803,7,0,7,18,,,,,
GCA_000685155.1,KCZ70604.1,class III cytochrome C family protein [Candidatus Methanoperedens nitroreducens],277,7,0,7,15,,,,,
GCA_000786775.1,KHE90393.1,MAG: hydroxylamine oxidoreductase [Candidatus Scalindua brodae],351,7,0,7,15,,,,,
GCA_000786775.1,KHE91265.1,MAG: hydroxylamine oxidoreductase (hao) [Candidatus Scalindua brodae],565,7,0,7,25,,,,,
GCA_000786775.1,KHE92657.1,MAG: hydroxylamine oxidoreductase (hao) [Candidatus Scalindua brodae],581,7,0,7,24,,,,,
GCA_000786775.1,KHE93468.1,MAG: hydroxylamine oxidoreductase [Candidatus Scalindua brodae],453,7,0,7,18,,,,,
GCA_000949635.1,GAN33811.1,hydrazine-oxidizing enzyme [Candidatus Brocadia sinica JPN1],581,7,0,7,24,,,,,
GCA_000949635.1,GAN34144.1,hydroxylamine oxydoreductase [Candidatus Brocadia sinica JPN1],581,7,0,7,23,,,,,
GCA_011066545.1,QII10561.1,hydrazine dehydrogenase [Candidatus Kuenenia stuttgartiensis],577,7,0,7,22,,,,,
GCA_011066545.1,QII14076.1,hydrazine dehydrogenase [Candidatus Kuenenia stuttgartiensis],642,7,0,7,24,,,,,
GCA_030583625.1,WKZ14896.1,MAG: hypothetical protein QY317_13435 [Candidatus Jettenia caeni],258,0,7,7,24,,,,,
GCA_030583625.1,WKZ16910.1,MAG: multiheme c-type cytochrome [Candidatus Jettenia caeni],568,7,0,7,22,,,,,
GCA_030583625.1,WKZ17374.1,MAG: multiheme c-type cytochrome [Candidatus Jettenia caeni],568,7,0,7,22,,,,,
GCF_000007985.2,WP_010941257.1,cytochrome c3 family protein [Geobacter sulfurreducens],349,7,0,7,14,,,,,
GCF_000007985.2,WP_010941988.1,IPT/TIG domain-containing protein [Geobacter sulfurreducens],479,7,0,7,16,,,,,
GCF_000007985.2,WP_010942430.1,multiheme c-type cytochrome [Geobacter sulfurreducens],363,7,0,7,17,,,,,
GCF_000007985.2,WP_010942718.1,IPT/TIG domain-containing protein [Geobacter sulfurreducens],473,7,0,7,16,,,,,
GCF_000007985.2,WP_010943515.1,cytochrome c [Geobacter sulfurreducens],353,7,0,7,16,,,,,
GCF_000007985.2,WP_010943845.1,PKD domain-containing protein [Geobacter sulfurreducens],991,7,0,7,19,,,,,
GCF_000007985.2,WP_010943849.1,PKD domain-containing protein [Geobacter sulfurreducens],1063,7,0,7,16,,,,,
GCF_000008325.1,WP_010959785.1,hypothetical protein [Methylococcus capsulatus],916,7,0,7,18,,,,,
GCF_000008325.1,WP_041360671.1,hypothetical protein [Methylococcus capsulatus],203,7,0,7,14,,,,,
GCF_000008325.1,WP_228370253.1,cytochrome C [Methylococcus capsulatus],923,7,0,7,19,,,,,
GCF_000019665.1,WP_012463936.1,cytochrome c3 family protein [Candidatus Methylacidiphilum infernorum],798,7,0,7,18,,,,,
GCF_000146165.2,WP_011070829.1,dissimilatory sulfite reductase SirA [Shewanella oneidensis],708,7,0,7,20,,,,,
GCF_000297415.1,WP_009059285.1,hypothetical protein [Candidatus Methylacidiphilum fumarolicum],803,7,0,7,18,,,,,
GCF_000685155.1,WP_048092326.1,cytochrome c3 family protein [Candidatus Methanoperedens nitratireducens],277,7,0,7,15,,,,,
GCF_000786775.1,WP_034402740.1,"hypothetical protein, partial [Candidatus Scalindua brodae]",404,7,0,7,17,,,,,
GCF_000786775.1,WP_034403701.1,"hypothetical protein, partial [Candidatus Scalindua brodae]",471,7,0,7,14,,,,,
GCF_000786775.1,WP_034404559.1,hypothetical protein [Candidatus Scalindua brodae],581,7,0,7,24,,,,,
GCF_000786775.1,WP_034408248.1,hypothetical protein [Candidatus Scalindua brodae],565,7,0,7,25,,,,,
GCF_000786775.1,WP_034410536.1,hypothetical protein [Candidatus Scalindua brodae],351,7,0,7,15,,,,,
GCF_000949635.1,WP_052563890.1,MULTISPECIES: hydrazine dehydrogenase [Candidatus Brocadia],581,7,0,7,24,,,,,
GCF_000949635.1,WP_052564202.1,hydrazine dehydrogenase [Candidatus Brocadia sinica],581,7,0,7,23,,,,,
GCF_011066545.1,WP_099324501.1,MULTISPECIES: hydrazine dehydrogenase [Candidatus Kuenenia],577,7,0,7,22,,,,,
GCF_011066545.1,WP_164995586.1,hydrazine dehydrogenase [Candidatus Kuenenia stuttgartensis],582,7,0,7,22,,,,,
GCA_000007985.2,AAR34031.1,cytochrome c [Geobacter sulfurreducens PCA],427,6,0,6,14,,,,,
GCA_000007985.2,AAR35670.1,cytochrome c [Geobacter sulfurreducens PCA],179,6,0,6,13,,,,,
GCA_000007985.2,AAR35874.1,cytochrome c [Geobacter sulfurreducens PCA],437,6,0,6,12,,,,,
GCA_000007985.2,AAR35876.1,cytochrome c [Geobacter sulfurreducens PCA],430,6,0,6,12,,,,,
GCA_000007985.2,AAR35877.1,cytochrome c [Geobacter sulfurreducens PCA],432,6,0,6,12,,,,,
GCA_000007985.2,AAR36014.1,lipoprotein cytochrome c [Geobacter sulfurreducens PCA],229,6,0,6,13,,,,,
GCA_000007985.2,AAR36202.1,lipoprotein cytochrome c [Geobacter sulfurreducens PCA],189,6,0,6,13,,,,,
GCA_000007985.2,AAR36650.1,cytochrome c [Geobacter sulfurreducens PCA],507,6,0,6,14,,,,,
GCA_000496735.2,ESS67831.1,cytochrome c family protein [Methyloglobulus morosus KoM1],702,6,0,6,13,,,,,
GCA_000496735.2,ESS71315.1,hypothetical protein MGMO_108c00010 [Methyloglobulus morosus KoM1],702,6,0,6,12,,,,,
GCA_000685155.1,KCZ70803.1,hypothetical protein ANME2D_02828 [Candidatus Methanoperedens nitroreducens],232,6,0,6,13,,,,,
GCA_000685155.1,KCZ73276.1,"formate-dependent nitrite reductase, periplasmic cytochrome c552 subunit [Candidatus Methanoperedens nitroreducens]",318,6,0,6,16,,,,,
GCA_000685155.1,KCZ73598.1,hypothetical protein ANME2D_00669 [Candidatus Methanoperedens nitroreducens],179,6,0,6,12,,,,,
GCA_000786775.1,KHE90511.1,MAG: putative formate dehydrogenase cytochrome b subunit [Candidatus Scalindua brodae],335,6,0,6,18,,,,,
GCA_000949635.1,GAN31618.1,hypothetical protein BROSI_A0119 [Candidatus Brocadia sinica JPN1],400,6,0,6,14,,,,,
GCA_000949635.1,GAN31619.1,hypothetical protein BROSI_A0120 [Candidatus Brocadia sinica JPN1],375,6,0,6,14,,,,,
GCA_000949635.1,GAN31998.1,cytochrome c family protein [Candidatus Brocadia sinica JPN1],363,6,0,6,12,,,,,
GCA_000949635.1,GAN34134.1,cytochrome b subunit of formate dehydrogenase [Candidatus Brocadia sinica JPN1],350,6,0,6,16,,,,,
GCA_001273775.1,ALA60066.1,putative Cytochrome c-type protein [Nitrospira moscoviensis],236,6,0,6,12,,,,,
GCA_001753675.2,OQD44928.1,hypothetical protein BIY37_10920 [Candidatus Brocadia sapporoensis],363,6,0,6,12,,,,,
GCA_001753675.2,OQD46307.1,hypothetical protein BIY37_04260 [Candidatus Brocadia sapporoensis],350,6,0,6,16,,,,,
GCA_011066545.1,QII12194.1,heptaheme protein [Candidatus Kuenenia stuttgartiensis],347,6,0,6,17,,,,,
GCA_011066545.1,QII12343.1,cytochrome c family protein [Candidatus Kuenenia stuttgartiensis],363,6,0,6,13,,,,,
GCA_011066545.1,QII12531.1,hypothetical protein KsCSTR_31520 [Candidatus Kuenenia stuttgartiensis],183,0,6,6,16,,,,,
GCA_030583625.1,WKZ15076.1,MAG: hypothetical protein QY317_14350 [Candidatus Jettenia caeni],348,6,0,6,17,,,,,
GCA_030583625.1,WKZ15227.1,MAG: multiheme c-type cytochrome [Candidatus Jettenia caeni],344,6,0,6,12,,,,,
GCF_000007985.2,WP_010941362.1,cytochrome c [Geobacter sulfurreducens],427,6,0,6,14,,,,,
GCF_000007985.2,WP_010942931.1,cytochrome c3 family protein [Geobacter sulfurreducens],179,6,0,6,13,,,,,
GCF_000007985.2,WP_010943138.1,cytochrome c [Geobacter sulfurreducens],437,6,0,6,12,,,,,
GCF_000007985.2,WP_010943140.1,cytochrome c [Geobacter sulfurreducens],430,6,0,6,12,,,,,
GCF_000007985.2,WP_010943141.1,c-type cytochrome OmcS [Geobacter sulfurreducens],432,6,0,6,12,,,,,
GCF_000007985.2,WP_010943280.1,cytochrome c [Geobacter sulfurreducens],229,6,0,6,13,,,,,
GCF_000007985.2,WP_010943435.1,cytochrome c3 family protein [Geobacter sulfurreducens],189,6,0,6,13,,,,,
GCF_000007985.2,WP_010943871.1,cytochrome c3 family protein [Geobacter sulfurreducens],507,6,0,6,14,,,,,
GCF_000008325.1,WP_041360673.1,hypothetical protein [Methylococcus capsulatus],293,6,0,6,12,,,,,
GCF_000008325.1,WP_228370255.1,assimilatory sulfite reductase (NADPH) flavoprotein subunit [Methylococcus capsulatus],972,6,0,6,27,,,,,
GCF_000091165.1,WP_044595711.1,"hypothetical protein, partial [Candidatus Methylomirabilis oxyfera]",500,6,0,6,13,,,,,
GCF_000496735.2,WP_036308105.1,c-type cytochrome [Methyloglobulus morosus],698,6,0,6,12,,,,,
GCF_000496735.2,WP_161808515.1,c-type cytochrome [Methyloglobulus morosus],652,6,0,6,13,,,,,
GCF_000685155.1,WP_048092707.1,hypothetical protein [Candidatus Methanoperedens nitratireducens],199,6,0,6,12,,,,,
GCF_000685155.1,WP_157833896.1,ammonia-forming cytochrome c nitrite reductase subunit c552 [Candidatus Methanoperedens nitratireducens],301,6,0,6,14,,,,,
GCF_000685155.1,WP_157833929.1,molecular chaperone DnaJ [Candidatus Methanoperedens nitratireducens],179,6,0,6,12,,,,,
GCF_000786775.1,WP_034410203.1,hypothetical protein [Candidatus Scalindua brodae],335,6,0,6,18,,,,,
GCF_000949635.1,WP_052561384.1,MULTISPECIES: hypothetical protein [Candidatus Brocadia],375,6,0,6,14,,,,,
GCF_000949635.1,WP_052562059.1,MULTISPECIES: multiheme c-type cytochrome [Candidatus Brocadia],363,6,0,6,12,,,,,
GCF_000949635.1,WP_052564196.1,MULTISPECIES: hypothetical protein [Candidatus Brocadia],350,6,0,6,16,,,,,
GCF_000949635.1,WP_157842289.1,MULTISPECIES: multiheme c-type cytochrome [Candidatus Brocadia],439,6,0,6,14,,,,,
GCF_001273775.1,WP_053380978.1,cytochrome c3 family protein [Nitrospira moscoviensis],236,6,0,6,12,,,,,
GCF_001753675.2,WP_070066582.1,hypothetical protein [Candidatus Brocadia sapporoensis],350,6,0,6,16,,,,,
GCF_001753675.2,WP_070067858.1,multiheme c-type cytochrome [Candidatus Brocadia sapporoensis],363,6,0,6,12,,,,,
GCF_011066545.1,WP_099326587.1,MULTISPECIES: hypothetical protein [Candidatus Kuenenia],347,6,0,6,17,,,,,
GCF_011066545.1,WP_157820736.1,MULTISPECIES: multiheme c-type cytochrome [Candidatus Kuenenia],363,6,0,6,13,,,,,
GCF_011066545.1,WP_164995121.1,MULTISPECIES: hypothetical protein [Candidatus Kuenenia],183,0,6,6,16,,,,,
GCA_000005845.2,AAC74081.1,cytochrome c menaquinol dehydrogenase TorC [Escherichia coli str. K-12 substr. MG1655],390,5,0,5,10,,,,,
GCA_000005845.2,AAC74943.1,cytochrome c quinol dehydrogenase TorY [Escherichia coli str. K-12 substr. MG1655],366,5,0,5,10,,,,,
GCA_000005845.2,AAC77040.1,cytochrome c552 nitrite reductase [Escherichia coli str. K-12 substr. MG1655],478,4,1,5,10,,,,,
GCA_000005845.2,AAC77041.2,periplasmic nitrite reductase penta-heme c-type cytochrome [Escherichia coli str. K-12 substr. MG1655],188,5,0,5,10,,,,,
GCA_000006765.1,AAG07959.1,probable cytochrome c [Pseudomonas aeruginosa PAO1],675,5,0,5,12,,,,,
GCA_000007985.2,AAR35022.1,cytochrome c [Geobacter sulfurreducens PCA],270,5,0,5,10,,,,,
GCA_000007985.2,AAR36015.2,lipoprotein cytochrome c [Geobacter sulfurreducens PCA],155,5,0,5,13,,,,,
GCA_000007985.2,AAR36097.1,lipoprotein cytochrome c [Geobacter sulfurreducens PCA],157,5,0,5,11,,,,,
GCA_000007985.2,AAR36195.1,cytochrome c [Geobacter sulfurreducens PCA],488,5,0,5,12,,,,,
GCA_000007985.2,AAR36329.1,cytochrome c [Geobacter sulfurreducens PCA],324,5,0,5,13,,,,,
GCA_000007985.2,AAR36545.1,"cytochrome c nitrite and sulfite reductase, catalytic subunit lipoprotein [Geobacter sulfurreducens PCA]",490,4,1,5,11,,,,,
GCA_000007985.2,AAR36614.1,cytochrome c [Geobacter sulfurreducens PCA],195,5,0,5,13,,,,,
GCA_000019665.1,ACD84016.1,Cytochrome c3 [Methylacidiphilum infernorum V4],218,5,0,5,10,,,,,
GCA_000091165.1,CBE68331.1,conserved protein of unknown function [Candidatus Methylomirabilis oxygeniifera],418,5,0,5,10,,,,,
GCA_000146165.2,AAN54301.1,trimethylamine N-oxide reductase membrane anchored cytochrome c component TorC [Shewanella oneidensis MR-1],392,5,0,5,10,,,,,
GCA_000146165.2,AAN56954.1,ammonia-forming nitrite reductase NrfA [Shewanella oneidensis MR-1],467,4,1,5,10,,,,,
GCA_000214665.1,AEF98893.1,Dockerin type 1 protein [Methylomonas methanica MC09],882,5,0,5,14,,,,,
GCA_000297415.1,CCG92529.1,Cytochrome c3 [Methylacidiphilum fumariolicum SolV],218,5,0,5,10,,,,,
GCA_000685155.1,KCZ70397.1,"formate-dependent nitrite reductase, periplasmic cytochrome c552 subunit [Candidatus Methanoperedens nitroreducens]",434,4,1,5,10,,,,,
GCA_000685155.1,KCZ70799.1,hypothetical protein ANME2D_02824 [Candidatus Methanoperedens nitroreducens],430,5,0,5,10,,,,,
GCA_000685155.1,KCZ70802.1,hypothetical protein ANME2D_02827 [Candidatus Methanoperedens nitroreducens],403,5,0,5,10,,,,,
GCA_000685155.1,KCZ70815.1,hypothetical protein ANME2D_02840 [Candidatus Methanoperedens nitroreducens],2106,5,0,5,10,,,,,
GCA_000685155.1,KCZ70823.1,hypothetical protein ANME2D_02848 [Candidatus Methanoperedens nitroreducens],218,5,0,5,12,,,,,
GCA_000685155.1,KCZ71079.1,"formate-dependent nitrite reductase, periplasmic cytochrome c552 subunit [Candidatus Methanoperedens nitroreducens]",431,4,1,5,10,,,,,
GCA_000685155.1,KCZ71200.1,hypothetical protein ANME2D_03235 [Candidatus Methanoperedens nitroreducens],319,5,0,5,13,,,,,
GCA_000685155.1,KCZ71201.1,hypothetical protein ANME2D_03236 [Candidatus Methanoperedens nitroreducens],313,5,0,5,12,,,,,
GCA_000685155.1,KCZ72440.1,"Nitrate reductase cytochrome c-type subunit (NapB)/NapC/NirT cytochrome c family, N-terminal region [Candidatus Methanoperedens nitroreducens]",408,5,0,5,10,,,,,
GCA_000685155.1,KCZ73365.1,hypothetical protein ANME2D_00431 [Candidatus Methanoperedens nitroreducens],194,5,0,5,10,,,,,
GCA_000685155.1,KCZ73529.1,"formate-dependent nitrite reductase, periplasmic cytochrome c552 subunit [Candidatus Methanoperedens nitroreducens]",321,5,0,5,12,,,,,
GCA_000685155.1,KCZ73533.1,"formate-dependent nitrite reductase, periplasmic cytochrome c552 subunit [Candidatus Methanoperedens nitroreducens]",325,5,0,5,12,,,,,
GCA_000685155.1,KCZ73595.1,hypothetical protein ANME2D_00666 [Candidatus Methanoperedens nitroreducens],1562,5,0,5,13,,,,,
GCA_000786775.1,KHE90392.1,MAG: putative cytochrome c [Candidatus Scalindua brodae],230,5,0,5,11,,,,,
GCA_000786775.1,KHE90667.1,MAG: putative cytochrome c [Candidatus Scalindua brodae],368,5,0,5,12,,,,,
GCA_000786775.1,KHE92298.1,MAG: putative heme protein [Candidatus Scalindua brodae],333,5,0,5,11,,,,,
GCA_000949635.1,GAN31711.1,hypothetical heme protein [Candidatus Brocadia sinica JPN1],337,5,0,5,18,,,,,
GCA_000949635.1,GAN31804.1,hypothetical protein BROSI_A0308 [Candidatus Brocadia sinica JPN1],180,0,5,5,17,,,,,
GCA_000949635.1,GAN31809.1,hypothetical protein BROSI_A0313 [Candidatus Brocadia sinica JPN1],180,0,5,5,16,,,,,
GCA_000949635.1,GAN31930.1,conserved hypothetical multiheme protein [Candidatus Brocadia sinica JPN1],347,5,0,5,16,,,,,
GCA_000949635.1,GAN31932.1,hypothetical heme protein [Candidatus Brocadia sinica JPN1],263,5,0,5,13,,,,,
GCA_000949635.1,GAN31976.1,hypothetical protein BROSI_A0480 [Candidatus Brocadia sinica JPN1],279,5,0,5,14,,,,,
GCA_000949635.1,GAN32091.1,hypothetical protein BROSI_A0595 [Candidatus Brocadia sinica JPN1],476,5,0,5,13,,,,,
GCA_000949635.1,GAN34263.1,hypothetical heme protein [Candidatus Brocadia sinica JPN1],326,5,0,5,17,,,,,
GCA_000949635.1,GAN34506.1,pentaheme protein [Candidatus Brocadia sinica JPN1],767,5,0,5,11,,,,,
GCA_000949635.1,GAN35163.1,formate-dependent nitrite reductase periplasmic cytochrome c552 subunit [Candidatus Brocadia sinica JPN1],488,5,0,5,11,,,,,
GCA_000949635.1,GAN35316.1,hypothetical protein BROSI_A3865 [Candidatus Brocadia sinica JPN1],178,0,5,5,16,,,,,
GCA_000968535.1,CCE23094.1,exported protein of unknown function [Methylotuvimicrobium alcaliphilum 20Z],231,5,0,5,10,,,,,
GCA_000968535.1,CCE25529.1,exported protein of unknown function [Methylotuvimicrobium alcaliphilum 20Z],758,5,0,5,11,,,,,
GCA_001273775.1,ALA59990.1,putative pentaheme cytochrome c [Nitrospira moscoviensis],426,5,0,5,12,,,,,
GCA_001273775.1,ALA60006.1,hypothetical protein NITMOv2_3614 [Nitrospira moscoviensis],432,5,0,5,10,,,,,
GCA_001273775.1,ALA60007.1,hypothetical protein NITMOv2_3615 [Nitrospira moscoviensis],441,5,0,5,12,,,,,
GCA_001273775.1,ALA60589.1,conserved exported protein of unknown function [Nitrospira moscoviensis],445,5,0,5,10,,,,,
GCA_001273775.1,ALA60590.1,conserved exported protein of unknown function [Nitrospira moscoviensis],410,5,0,5,10,,,,,
GCA_001753675.2,OQD45202.1,hypothetical protein BIY37_09845 [Candidatus Brocadia sapporoensis],766,5,0,5,12,,,,,
GCA_001753675.2,OQD45444.1,nitrite reductase [Candidatus Brocadia sapporoensis],479,5,0,5,11,,,,,
GCA_011066545.1,QII09426.1,putative multiheme protein [Candidatus Kuenenia stuttgartiensis],334,5,0,5,14,,,,,
GCA_011066545.1,QII09428.1,putative multiheme protein [Candidatus Kuenenia stuttgartiensis],237,5,0,5,14,,,,,
GCA_011066545.1,QII12964.1,putative pentaheme protein [Candidatus Kuenenia stuttgartiensis],763,5,0,5,11,,,,,
GCA_011066545.1,QII13722.1,hypothetical protein KsCSTR_43430 [Candidatus Kuenenia stuttgartiensis],386,5,0,5,14,,,,,
GCA_027571405.1,WBJ99350.1,cytochrome c family protein [Methylocystis parvus OBBP],217,5,0,5,10,,,,,
GCA_030583625.1,WKZ15107.1,MAG: multiheme c-type cytochrome [Candidatus Jettenia caeni],476,5,0,5,12,,,,,
GCA_030583625.1,WKZ16134.1,MAG: multiheme c-type cytochrome [Candidatus Jettenia caeni],327,5,0,5,15,,,,,
GCA_030583625.1,WKZ16136.1,MAG: cytochrome c3 family protein [Candidatus Jettenia caeni],320,5,0,5,12,,,,,
GCA_030583625.1,WKZ16247.1,MAG: ammonia-forming cytochrome c nitrite reductase subunit c552 [Candidatus Jettenia caeni],472,5,0,5,11,,,,,
GCA_030583625.1,WKZ16863.1,MAG: multiheme c-type cytochrome [Candidatus Jettenia caeni],257,5,0,5,10,,,,,
GCA_949769195.1,CAI8810917.1,"menaquinone reductase, multiheme cytochrome c subunit [Methylocaldum szegediense]",218,5,0,5,10,,,,,
GCF_000005845.2,NP_415516.1,cytochrome c menaquinol dehydrogenase TorC [Escherichia coli str. K-12 substr. MG1655],390,5,0,5,10,,,,,
GCF_000005845.2,NP_416387.1,cytochrome c quinol dehydrogenase TorY [Escherichia coli str. K-12 substr. MG1655],366,5,0,5,10,,,,,
GCF_000005845.2,NP_418494.1,cytochrome c552 nitrite reductase [Escherichia coli str. K-12 substr. MG1655],478,4,1,5,10,,,,,
GCF_000005845.2,NP_418495.2,periplasmic nitrite reductase penta-heme c-type cytochrome [Escherichia coli str. K-12 substr. MG1655],188,5,0,5,10,,,,,
GCF_000006765.1,NP_253261.1,cytochrome C [Pseudomonas aeruginosa PAO1],675,5,0,5,12,,,,,
GCF_000007985.2,WP_010943281.1,cytochrome c [Geobacter sulfurreducens],155,5,0,5,13,,,,,
GCF_000007985.2,WP_010943360.1,cytochrome c [Geobacter sulfurreducens],157,5,0,5,11,,,,,
GCF_000007985.2,WP_010943428.1,cytochrome c family protein [Geobacter sulfurreducens],488,5,0,5,12,,,,,
GCF_000007985.2,WP_010943775.1,ammonia-forming cytochrome c nitrite reductase subunit c552 [Geobacter sulfurreducens],490,4,1,5,11,,,,,
GCF_000007985.2,WP_010943840.1,cytochrome c3 family protein [Geobacter sulfurreducens],195,5,0,5,13,,,,,
GCF_000007985.2,WP_235045011.1,cytochrome C [Geobacter sulfurreducens],246,5,0,5,10,,,,,
GCF_000007985.2,WP_262421250.1,multiheme c-type cytochrome (seleno)protein ExtKL [Geobacter sulfurreducens],450,5,0,5,13,,,,,
GCF_000007985.2,WP_338029188.1,cytochrome c3 family protein [Geobacter sulfurreducens],118,5,0,5,10,,,,,
GCF_000019665.1,WP_012464298.1,cytochrome c3 family protein [Candidatus Methylacidiphilum infernorum],218,5,0,5,10,,,,,
GCF_000091165.1,WP_044595525.1,hypothetical protein [Candidatus Methylomirabilis oxyfera],231,5,0,5,11,,,,,
GCF_000091165.1,WP_044595790.1,"hypothetical protein, partial [Candidatus Methylomirabilis oxyfera]",404,5,0,5,10,,,,,
GCF_000146165.2,WP_011071461.1,pentaheme c-type cytochrome TorC [Shewanella oneidensis],392,5,0,5,10,,,,,
GCF_000146165.2,WP_011073711.1,ammonia-forming nitrite reductase cytochrome c552 subunit [Shewanella oneidensis],467,4,1,5,10,,,,,
GCF_000214665.1,WP_049794576.1,dockerin type I domain-containing protein [Methylomonas methanica],820,5,0,5,12,,,,,
GCF_000297415.1,WP_009060382.1,cytochrome c3 family protein [Candidatus Methylacidiphilum fumarolicum],218,5,0,5,10,,,,,
GCF_000372865.1,WP_020565010.1,cytochrome c3 family protein [Methylosarcina fibrata],188,5,0,5,10,,,,,
GCF_000685155.1,WP_048088734.1,hypothetical protein [Candidatus Methanoperedens nitratireducens],194,5,0,5,10,,,,,
GCF_000685155.1,WP_048089031.1,cytochrome c3 family protein [Candidatus Methanoperedens nitratireducens],325,5,0,5,12,,,,,
GCF_000685155.1,WP_048089356.1,multiheme c-type cytochrome [Candidatus Methanoperedens nitratireducens],408,5,0,5,10,,,,,
GCF_000685155.1,WP_048092700.1,cytochrome c3 family protein [Candidatus Methanoperedens nitratireducens],430,5,0,5,10,,,,,
GCF_000685155.1,WP_048092705.1,hypothetical protein [Candidatus Methanoperedens nitratireducens],403,5,0,5,10,,,,,
GCF_000685155.1,WP_048092745.1,hypothetical protein [Candidatus Methanoperedens nitratireducens],218,5,0,5,12,,,,,
GCF_000685155.1,WP_048093231.1,ammonia-forming cytochrome c nitrite reductase subunit c552 [Candidatus Methanoperedens nitratireducens],431,4,1,5,10,,,,,
GCF_000685155.1,WP_048093459.1,cytochrome c3 family protein [Candidatus Methanoperedens nitratireducens],319,5,0,5,13,,,,,
GCF_000685155.1,WP_048093461.1,cytochrome c3 family protein [Candidatus Methanoperedens nitratireducens],313,5,0,5,12,,,,,
GCF_000685155.1,WP_048093932.1,ammonia-forming cytochrome c nitrite reductase subunit c552 [Candidatus Methanoperedens nitratireducens],434,4,1,5,10,,,,,
GCF_000685155.1,WP_081810095.1,cytochrome c3 family protein [Candidatus Methanoperedens nitratireducens],321,5,0,5,12,,,,,
GCF_000685155.1,WP_198527437.1,carboxypeptidase-like regulatory domain-containing protein [Candidatus Methanoperedens nitratireducens],2081,5,0,5,10,,,,,
GCF_000786775.1,WP_034405325.1,hypothetical protein [Candidatus Scalindua brodae],333,5,0,5,11,,,,,
GCF_000786775.1,WP_034409879.1,hypothetical protein [Candidatus Scalindua brodae],368,5,0,5,12,,,,,
GCF_000786775.1,WP_034410535.1,hypothetical protein [Candidatus Scalindua brodae],230,5,0,5,11,,,,,
GCF_000949635.1,WP_052561721.1,MULTISPECIES: hypothetical protein [Candidatus Brocadia],180,0,5,5,16,,,,,
GCF_000949635.1,WP_052561945.1,MULTISPECIES: hypothetical protein [Candidatus Brocadia],263,5,0,5,13,,,,,
GCF_000949635.1,WP_052562019.1,MULTISPECIES: multiheme c-type cytochrome [Candidatus Brocadia],279,5,0,5,14,,,,,
GCF_000949635.1,WP_052562225.1,MULTISPECIES: multiheme c-type cytochrome [Candidatus Brocadia],513,5,0,5,15,,,,,
GCF_000949635.1,WP_052564299.1,cytochrome c3 family protein [Candidatus Brocadia sinica],326,5,0,5,17,,,,,
GCF_000949635.1,WP_052564505.1,MULTISPECIES: hypothetical protein [Candidatus Brocadia],767,5,0,5,11,,,,,
GCF_000949635.1,WP_052565197.1,MULTISPECIES: ammonia-forming cytochrome c nitrite reductase subunit c552 [Candidatus Brocadia],488,5,0,5,11,,,,,
GCF_000949635.1,WP_052565466.1,MULTISPECIES: hypothetical protein [Candidatus Brocadia],178,0,5,5,16,,,,,
GCF_000949635.1,WP_082058977.1,MULTISPECIES: multiheme c-type cytochrome [Candidatus Brocadia],347,5,0,5,16,,,,,
GCF_000949635.1,WP_157842300.1,MULTISPECIES: cytochrome c3 family protein [Candidatus Brocadia],331,5,0,5,16,,,,,
GCF_000949635.1,WP_157842311.1,MULTISPECIES: hypothetical protein [Candidatus Brocadia],208,0,5,5,17,,,,,
GCF_000968535.2,WP_014147890.1,cytochrome c3 family protein [Methylotuvimicrobium alcaliphilum],231,5,0,5,10,,,,,
GCF_000968535.2,WP_014150278.1,multiheme c-type cytochrome [Methylotuvimicrobium alcaliphilum],758,5,0,5,11,,,,,
GCF_001273775.1,WP_053380914.1,multiheme c-type cytochrome [Nitrospira moscoviensis],426,5,0,5,12,,,,,
GCF_001273775.1,WP_053380930.1,multiheme c-type cytochrome [Nitrospira moscoviensis],441,5,0,5,12,,,,,
GCF_001273775.1,WP_053381424.1,multiheme c-type cytochrome [Nitrospira moscoviensis],410,5,0,5,10,,,,,
GCF_001273775.1,WP_083448135.1,multiheme c-type cytochrome [Nitrospira moscoviensis],432,5,0,5,10,,,,,
GCF_001273775.1,WP_187299279.1,multiheme c-type cytochrome [Nitrospira moscoviensis],445,5,0,5,10,,,,,
GCF_001753675.2,WP_070067376.1,ammonia-forming cytochrome c nitrite reductase subunit c552 [Candidatus Brocadia sapporoensis],479,5,0,5,11,,,,,
GCF_001753675.2,WP_070067648.1,hypothetical protein [Candidatus Brocadia sapporoensis],766,5,0,5,12,,,,,
GCF_011066545.1,WP_099325775.1,MULTISPECIES: multiheme c-type cytochrome [Candidatus Kuenenia],386,5,0,5,14,,,,,
GCF_011066545.1,WP_099326446.1,MULTISPECIES: hypothetical protein [Candidatus Kuenenia],763,5,0,5,11,,,,,
GCF_011066545.1,WP_164994283.1,hypothetical protein [Candidatus Kuenenia stuttgartensis],237,5,0,5,14,,,,,
GCF_011066545.1,WP_230405712.1,cytochrome c3 family protein [Candidatus Kuenenia stuttgartensis],290,5,0,5,13,,,,,
GCF_027571405.1,WP_016919655.1,cytochrome c3 family protein [Methylocystis parvus],221,5,0,5,10,,,,,
GCF_949769195.1,WP_026610151.1,cytochrome c3 family protein [Methylocaldum szegediense],218,5,0,5,10,,,,,
GCA_000005845.2,AAC75262.1,periplasmic nitrate reductase cytochrome c protein [Escherichia coli str. K-12 substr. MG1655],200,4,0,4,8,,,,,
GCA_000006765.1,AAG04561.1,cytochrome c-type protein NapC [Pseudomonas aeruginosa PAO1],198,4,0,4,8,,,,,
GCA_000007985.2,AAR33403.1,cytochrome c [Geobacter sulfurreducens PCA],160,4,0,4,8,,,,,
GCA_000007985.2,AAR33949.1,cytochrome c [Geobacter sulfurreducens PCA],232,4,0,4,8,,,,,
GCA_000007985.2,AAR35164.1,cytochrome c [Geobacter sulfurreducens PCA],279,4,0,4,8,,,,,
GCA_000007985.2,AAR36305.1,cytochrome c [Geobacter sulfurreducens PCA],279,4,0,4,8,,,,,
GCA_000007985.2,AAR36322.2,lipoprotein cytochrome c [Geobacter sulfurreducens PCA],266,4,0,4,9,,,,,
GCA_000007985.2,AAR36546.2,"cytochrome c nitrite and sulfite reductase, menaquinol-oxidizing subunit [Geobacter sulfurreducens PCA]",154,4,0,4,8,,,,,
GCA_000007985.2,AAR36612.1,cytochrome c [Geobacter sulfurreducens PCA],264,4,0,4,9,,,,,
GCA_000008325.1,AAU90394.1,flavodoxin domain protein [Methylococcus capsulatus str. Bath],883,4,0,4,19,,,,,
GCA_000021745.1,ACK51000.1,photosynthetic reaction centre cytochrome c subunit [Methylocella silvestris BL2],338,4,0,4,10,,,,,
GCA_000091165.1,CBE67834.1,"hypothetical tetraheam c type cytochrome, part of bc1 complex, complex III [Candidatus Methylomirabilis oxygeniifera]",263,4,0,4,8,,,,,
GCA_000146165.2,AAN54044.1,periplasmic fumarate reductase FccA [Shewanella oneidensis MR-1],596,4,0,4,8,,,,,
GCA_000146165.2,AAN54478.1,flavocytochrome c heme submit [Shewanella oneidensis MR-1],123,4,0,4,8,,,,,
GCA_000146165.2,AAN54486.1,periplasmic tetraheme flavocytochrome IfcA [Shewanella oneidensis MR-1],589,4,0,4,10,,,,,
GCA_000146165.2,AAN55755.1,periplasmic tetraheme cytochrome c CctA [Shewanella oneidensis MR-1],116,4,0,4,8,,,,,
GCA_000146165.2,AAN56065.1,flavocytochrome c heme submit [Shewanella oneidensis MR-1],127,4,0,4,8,,,,,
GCA_000146165.2,AAN56298.2,flavocytochrome c heme submit [Shewanella oneidensis MR-1],124,4,0,4,9,,,,,
GCA_000146165.2,AAN56610.1,flavocytochrome c heme submit [Shewanella oneidensis MR-1],116,4,0,4,8,,,,,
GCA_000146165.2,AAN57551.1,membrane anchored tetraheme cytochrome c CymA [Shewanella oneidensis MR-1],187,4,0,4,8,,,,,
GCA_000685155.1,KCZ70396.1,"cytochrome c nitrate reductase, small subunit [Candidatus Methanoperedens nitroreducens]",161,4,0,4,8,,,,,
GCA_000685155.1,KCZ70805.1,hypothetical protein ANME2D_02830 [Candidatus Methanoperedens nitroreducens],194,4,0,4,8,,,,,
GCA_000685155.1,KCZ71080.1,respiratory nitrite reductase specific menaquinol--cytochrome-c reductase (NrfH) precursor [Candidatus Methanoperedens nitroreducens],137,4,0,4,8,,,,,
GCA_000785705.2,AMK75304.1,hypothetical protein JT25_002175 [Methylomonas denitrificans],168,4,0,4,9,,,,,
GCA_000785705.2,AMK76069.1,hypothetical protein JT25_006105 [Methylomonas denitrificans],201,4,0,4,8,,,,,
GCA_000786775.1,KHE92158.1,MAG: putative heme protein [Candidatus Scalindua brodae],385,4,0,4,9,,,,,
GCA_000786775.1,KHE92200.1,MAG: putative tetraheme cytochrome c protein [Candidatus Scalindua brodae],193,4,0,4,9,,,,,
GCA_000786775.1,KHE92299.1,MAG: hypothetical protein SCABRO_01856 [Candidatus Scalindua brodae],223,4,0,4,8,,,,,
GCA_000786775.1,KHE92697.1,MAG: putative heme protein [Candidatus Scalindua brodae],167,0,4,4,16,,,,,
GCA_000786775.1,KHE93016.1,MAG: putative cytochrome c-554 [Candidatus Scalindua brodae],474,4,0,4,11,,,,,
GCA_000786775.1,KHE93887.1,MAG: putative (tetraheme) protein [Candidatus Scalindua brodae],495,4,0,4,11,,,,,
GCA_000949635.1,GAN32117.1,hypothetical c554 cytochrome protein [Candidatus Brocadia sinica JPN1],415,4,0,4,11,,,,,
GCA_000949635.1,GAN32434.1,hypothetical (tetraheme) protein [Candidatus Brocadia sinica JPN1],493,4,0,4,8,,,,,
GCA_000949635.1,GAN33535.1,tetraheme cytochrome c protein [Candidatus Brocadia sinica JPN1],189,4,0,4,10,,,,,
GCA_001753675.2,OQD44694.1,hypothetical protein BIY37_12360 [Candidatus Brocadia sapporoensis],198,4,0,4,10,,,,,
GCA_001753675.2,OQD44805.1,hypothetical protein BIY37_11670 [Candidatus Brocadia sapporoensis],491,4,0,4,9,,,,,
GCA_001753675.2,OQD45443.1,cytochrome c nitrite reductase small subunit [Candidatus Brocadia sapporoensis],154,4,0,4,12,,,,,
GCA_011066545.1,QII10171.1,putative (tetraheme) protein [Candidatus Kuenenia stuttgartiensis],500,4,0,4,10,,,,,
GCA_011066545.1,QII12988.1,putative c554 cytochrome protein [Candidatus Kuenenia stuttgartiensis],453,4,0,4,12,,,,,
GCA_011066545.1,QII13600.1,Putative tetraheme cytochrome c protein [Candidatus Kuenenia stuttgartiensis],199,4,0,4,9,,,,,
GCA_030583625.1,WKZ15068.1,MAG: multiheme c-type cytochrome [Candidatus Jettenia caeni],428,4,0,4,10,,,,,
GCA_030583625.1,WKZ15828.1,MAG: hypothetical protein QY317_00705 [Candidatus Jettenia caeni],245,4,0,4,11,,,,,
GCA_030583625.1,WKZ16246.1,MAG: cytochrome c nitrite reductase small subunit [Candidatus Jettenia caeni],156,4,0,4,9,,,,,
GCA_030583625.1,WKZ16451.1,MAG: c-type cytochrome [Candidatus Jettenia caeni],497,4,0,4,9,,,,,
GCA_054182965.1,MGY8629225.1,NapC/NirT family cytochrome c [Nitrosomonas europaea],233,4,0,4,8,,,,,
GCA_054182965.1,MGY8629226.1,cytochrome c-550 CycA [Nitrosomonas europaea],235,4,0,4,9,,,,,
GCA_054182965.1,MGY8630297.1,cytochrome c-550 CycA [Nitrosomonas europaea],235,4,0,4,9,,,,,
GCA_054182965.1,MGY8630600.1,NapC/NirT family cytochrome c [Nitrosomonas europaea],233,4,0,4,8,,,,,
GCA_054182965.1,MGY8630601.1,cytochrome c-550 CycA [Nitrosomonas europaea],235,4,0,4,9,,,,,
GCF_000005845.2,NP_416706.1,periplasmic nitrate reductase cytochrome c protein [Escherichia coli str. K-12 substr. MG1655],200,4,0,4,8,,,,,
GCF_000006765.1,NP_249863.1,cytochrome C protein NapC [Pseudomonas aeruginosa PAO1],198,4,0,4,8,,,,,
GCF_000007985.2,WP_010940746.1,MULTISPECIES: multiheme c-type cytochrome [Geobacter],160,4,0,4,8,,,,,
GCF_000007985.2,WP_010941282.1,cytochrome c3 family protein [Geobacter sulfurreducens],232,4,0,4,8,,,,,
GCF_000007985.2,WP_010942431.1,cytochrome c [Geobacter sulfurreducens],279,4,0,4,8,,,,,
GCF_000007985.2,WP_010943561.1,selenite/tellurite reduction operon c-type cytochrome lipoprotein ExtS [Geobacter sulfurreducens],266,4,0,4,9,,,,,
GCF_000007985.2,WP_010943776.1,cytochrome c nitrite reductase small subunit [Geobacter sulfurreducens],154,4,0,4,8,,,,,
GCF_000007985.2,WP_232008929.1,cytochrome c3 family protein [Geobacter sulfurreducens],261,4,0,4,9,,,,,
GCF_000007985.2,WP_235044911.1,cytochrome c3 family protein [Geobacter sulfurreducens],246,4,0,4,8,,,,,
GCF_000021745.1,WP_012591070.1,photosynthetic reaction center cytochrome PufC [Methylocella silvestris],338,4,0,4,10,,,,,
GCF_000091165.1,WP_044595851.1,"hypothetical protein, partial [Candidatus Methylomirabilis oxyfera]",138,4,0,4,8,,,,,
GCF_000146165.2,WP_011071245.1,fumarate reductase flavoprotein subunit FccA [Shewanella oneidensis],596,4,0,4,8,,,,,
GCF_000146165.2,WP_011071617.1,cytochrome c3 family protein [Shewanella oneidensis],123,4,0,4,8,,,,,
GCF_000146165.2,WP_011072671.1,tetraheme c-type cytochrome CctA [Shewanella oneidensis],116,4,0,4,8,,,,,
GCF_000146165.2,WP_011072954.1,cytochrome c3 family protein [Shewanella oneidensis],127,4,0,4,8,,,,,
GCF_000146165.2,WP_011073178.1,cytochrome c3 family protein [Shewanella oneidensis],124,4,0,4,9,,,,,
GCF_000146165.2,WP_011073430.1,cytochrome c3 family protein [Shewanella oneidensis],116,4,0,4,8,,,,,
GCF_000146165.2,WP_011074189.1,NapC/NirT family cytochrome c CymA [Shewanella oneidensis],187,4,0,4,8,,,,,
GCF_000146165.2,WP_164925650.1,flavocytochrome c [Shewanella oneidensis],588,4,0,4,10,,,,,
GCF_000685155.1,WP_048092715.1,hypothetical protein [Candidatus Methanoperedens nitratireducens],194,4,0,4,8,,,,,
GCF_000685155.1,WP_052368965.1,cytochrome c nitrite reductase small subunit [Candidatus Methanoperedens nitratireducens],137,4,0,4,8,,,,,
GCF_000685155.1,WP_052368997.1,cytochrome c nitrite reductase small subunit [Candidatus Methanoperedens nitratireducens],161,4,0,4,8,,,,,
GCF_000785705.2,WP_036272078.1,MULTISPECIES: cytochrome c3 family protein [Methylomonas],168,4,0,4,9,,,,,
GCF_000785705.2,WP_062327941.1,MULTISPECIES: NapC/NirT family cytochrome c [Methylomonas],201,4,0,4,8,,,,,
GCF_000786775.1,WP_034401878.1,hypothetical protein [Candidatus Scalindua brodae],495,4,0,4,11,,,,,
GCF_000786775.1,WP_034403714.1,hypothetical protein [Candidatus Scalindua brodae],474,4,0,4,11,,,,,
GCF_000786775.1,WP_034404466.1,hypothetical protein [Candidatus Scalindua brodae],167,0,4,4,16,,,,,
GCF_000786775.1,WP_034405328.1,hypothetical protein [Candidatus Scalindua brodae],223,4,0,4,8,,,,,
GCF_000786775.1,WP_034405904.1,hypothetical protein [Candidatus Scalindua brodae],193,4,0,4,9,,,,,
GCF_000786775.1,WP_034406066.1,"hypothetical protein, partial [Candidatus Scalindua brodae]",406,4,0,4,10,,,,,
GCF_000949635.1,WP_052562597.1,c-type cytochrome [Candidatus Brocadia sinica],493,4,0,4,8,,,,,
GCF_000949635.1,WP_082059306.1,MULTISPECIES: cytochrome c nitrite reductase small subunit [Candidatus Brocadia],156,4,0,4,13,,,,,
GCF_000949635.1,WP_157842344.1,MULTISPECIES: multiheme c-type cytochrome [Candidatus Brocadia],415,4,0,4,11,,,,,
GCF_000949635.1,WP_157842471.1,MULTISPECIES: hypothetical protein [Candidatus Brocadia],198,4,0,4,10,,,,,
GCF_001753675.2,WP_070067375.1,cytochrome c nitrite reductase small subunit [Candidatus Brocadia sapporoensis],154,4,0,4,12,,,,,
GCF_001753675.2,WP_143299272.1,hypothetical protein [Candidatus Brocadia sapporoensis],159,4,0,4,9,,,,,
GCF_001753675.2,WP_179129389.1,cytochrome c [Candidatus Brocadia sapporoensis],452,4,0,4,8,,,,,
GCF_011066545.1,WP_164994502.1,c-type cytochrome [Candidatus Kuenenia stuttgartensis],500,4,0,4,10,,,,,
GCF_011066545.1,WP_164995289.1,multiheme c-type cytochrome [Candidatus Kuenenia stuttgartensis],453,4,0,4,12,,,,,
GCF_011066545.1,WP_164995425.1,MULTISPECIES: hypothetical protein [Candidatus Kuenenia],138,4,0,4,8,,,,,
GCF_054182965.1,WP_011111568.1,NapC/NirT family cytochrome c [Nitrosomonas europaea],233,4,0,4,8,,,,,
GCF_054182965.1,WP_011111569.1,MULTISPECIES: cytochrome c-550 CycA [Nitrosomonas],235,4,0,4,9,,,,,
GCA_000005845.2,AAC73126.1,chaperone protein DnaJ [Escherichia coli str. K-12 substr. MG1655],376,3,0,3,10,,,,,
GCA_000005845.2,AAC76543.1,cytochrome c peroxidase [Escherichia coli str. K-12 substr. MG1655],465,3,0,3,7,,,,,
GCA_000006765.1,AAG04989.1,probable cytochrome c [Pseudomonas aeruginosa PAO1],433,3,0,3,6,,,,,
GCA_000006765.1,AAG05654.1,probable cytochrome c precursor [Pseudomonas aeruginosa PAO1],439,3,0,3,7,,,,,
GCA_000006765.1,AAG08007.1,probable c-type cytochrome [Pseudomonas aeruginosa PAO1],415,3,0,3,6,,,,,
GCA_000007985.2,AAR33440.2,cytochrome c [Geobacter sulfurreducens PCA],93,3,0,3,6,,,,,
GCA_000007985.2,AAR33696.1,cytochrome c [Geobacter sulfurreducens PCA],91,3,0,3,6,,,,,
GCA_000007985.2,AAR33697.1,cytochrome c [Geobacter sulfurreducens PCA],95,3,0,3,6,,,,,
GCA_000007985.2,AAR33864.1,cytochrome c [Geobacter sulfurreducens PCA],134,3,0,3,9,,,,,
GCA_000007985.2,AAR33943.1,cytochrome c [Geobacter sulfurreducens PCA],91,3,0,3,7,,,,,
GCA_000007985.2,AAR34351.1,cytochrome c [Geobacter sulfurreducens PCA],92,3,0,3,7,,,,,
GCA_000007985.2,AAR35137.1,cytochrome c [Geobacter sulfurreducens PCA],90,3,0,3,6,,,,,
GCA_000007985.2,AAR35138.1,lipoprotein cytochrome c [Geobacter sulfurreducens PCA],511,3,0,3,8,,,,,
GCA_000007985.2,AAR35162.1,cytochrome c [Geobacter sulfurreducens PCA],147,3,0,3,8,,,,,
GCA_000007985.2,AAR36605.1,cytochrome c [Geobacter sulfurreducens PCA],212,3,0,3,7,,,,,
GCA_000008325.1,AAU90393.1,putative lipoprotein [Methylococcus capsulatus str. Bath],268,3,0,3,7,,,,,
GCA_000021745.1,ACK52276.1,Gluconate 2-dehydrogenase (acceptor) [Methylocella silvestris BL2],421,3,0,3,6,,,,,
GCA_000091165.1,CBE67844.1,conserved hypothetical protein; putative cytochrome c class I [Candidatus Methylomirabilis oxygeniifera],421,3,0,3,6,,,,,
GCA_000091165.1,CBE67885.1,exported protein of unknown function [Candidatus Methylomirabilis oxygeniifera],124,3,0,3,7,,,,,
GCA_000146165.2,AAN53564.1,4Fe-4S ferredoxin SirC [Shewanella oneidensis MR-1],235,0,3,3,22,,,,,
GCA_000146165.2,AAN54197.1,chaperone protein DnaJ [Shewanella oneidensis MR-1],378,3,0,3,10,,,,,
GCA_000146165.2,AAN57532.1,triheme cytochrome c [Shewanella oneidensis MR-1],100,3,0,3,7,,,,,
GCA_000190755.3,EGW20230.1,thioredoxin [Methylobacter tundripaludum SV96],143,1,2,3,6,,,,,
GCA_000190755.3,EGW21461.1,"cytochrome c, class I [Methylobacter tundripaludum SV96]",380,3,0,3,6,,,,,
GCA_000190755.3,EGW21499.1,Gluconate 2-dehydrogenase (acceptor) [Methylobacter tundripaludum SV96],442,3,0,3,7,,,,,
GCA_000214275.3,EIC28242.1,"cytochrome c, mono- and diheme variants family [Methylomicrobium album BG8]",427,3,0,3,6,,,,,
GCA_000214275.3,EIC28369.1,cytochrome c553 [Methylomicrobium album BG8],386,3,0,3,6,,,,,
GCA_000214275.3,EIC28419.1,helicase family protein with metal-binding cysteine cluster [Methylomicrobium album BG8],2148,3,0,3,39,,,,,
GCA_000214275.3,EIC29960.1,cytochrome c peroxidase [Methylomicrobium album BG8],469,3,0,3,6,,,,,
GCA_000496735.2,ESS70623.1,VCBS repeat [Methyloglobulus morosus KoM1],839,3,0,3,12,,,,,
GCA_000685155.1,KCZ70814.1,hypothetical protein ANME2D_02839 [Candidatus Methanoperedens nitroreducens],273,3,0,3,8,,,,,
GCA_000685155.1,KCZ70821.1,hypothetical protein ANME2D_02846 [Candidatus Methanoperedens nitroreducens],323,3,0,3,8,,,,,
GCA_000685155.1,KCZ71822.1,hypothetical protein ANME2D_01877 [Candidatus Methanoperedens nitroreducens],190,3,0,3,6,,,,,
GCA_000685155.1,KCZ73530.1,hypothetical protein ANME2D_00600 [Candidatus Methanoperedens nitroreducens],149,3,0,3,8,,,,,
GCA_000786775.1,KHE91817.1,MAG: hypothetical protein SCABRO_02423 [Candidatus Scalindua brodae],183,0,3,3,17,,,,,
GCA_000786775.1,KHE94069.1,"MAG: putative heme protein, partial [Candidatus Scalindua brodae]",244,3,0,3,7,,,,,
GCA_000949635.1,GAN32715.1,excinuclease ABC subunit A [Candidatus Brocadia sinica JPN1],936,0,3,3,19,,,,,
GCA_000949635.1,GAN33594.1,hypothetical protein BROSI_A2120 [Candidatus Brocadia sinica JPN1],375,0,3,3,21,,,,,
GCA_000949635.1,GAN34133.1,cytochrome c-554 precursor [Candidatus Brocadia sinica JPN1],236,3,0,3,10,,,,,
GCA_000968535.1,CCE23566.1,"chaperone protein DnaJ, co-chaperone with DnaK [Methylotuvimicrobium alcaliphilum 20Z]",384,3,0,3,11,,,,,
GCA_000968535.1,CCE23941.1,cytochrome c peroxidase [Methylotuvimicrobium alcaliphilum 20Z],467,3,0,3,6,,,,,
GCA_000968535.1,CCE25722.1,cytochrome c peroxidase (plasmid) [Methylotuvimicrobium alcaliphilum 20Z],466,3,0,3,6,,,,,
GCA_001753675.2,OQD45314.1,excinuclease ABC subunit A [Candidatus Brocadia sapporoensis],936,0,3,3,21,,,,,
GCA_001753675.2,OQD46306.1,hypothetical protein BIY37_04255 [Candidatus Brocadia sapporoensis],236,3,0,3,10,,,,,
GCA_011066545.1,QII12193.1,putative (triheme) protein [Candidatus Kuenenia stuttgartiensis],236,3,0,3,11,,,,,
GCA_011066545.1,QII12482.1,hypothetical protein KsCSTR_31030 [Candidatus Kuenenia stuttgartiensis],571,3,0,3,7,,,,,
GCA_030583625.1,WKZ14917.1,MAG: hypothetical protein QY317_13545 [Candidatus Jettenia caeni],246,3,0,3,7,,,,,
GCA_030583625.1,WKZ15062.1,MAG: molecular chaperone DnaJ [Candidatus Jettenia caeni],370,1,2,3,8,,,,,
GCA_030583625.1,WKZ15077.1,MAG: multiheme c-type cytochrome [Candidatus Jettenia caeni],236,3,0,3,11,,,,,
GCA_030583625.1,WKZ15771.1,MAG: cytochrome P460 family protein [Candidatus Jettenia caeni],535,3,0,3,7,,,,,
GCA_030583625.1,WKZ16862.1,MAG: multiheme c-type cytochrome [Candidatus Jettenia caeni],279,3,0,3,6,,,,,
GCA_030583625.1,WKZ17005.1,MAG: hypothetical protein QY317_06745 [Candidatus Jettenia caeni],239,3,0,3,6,,,,,
GCA_054182965.1,MGY8629167.1,cytochrome c [Nitrosomonas europaea],425,3,0,3,6,,,,,
GCF_000005845.2,NP_414556.1,chaperone protein DnaJ [Escherichia coli str. K-12 substr. MG1655],376,3,0,3,10,,,,,
GCF_000005845.2,NP_417975.1,cytochrome c peroxidase [Escherichia coli str. K-12 substr. MG1655],465,3,0,3,7,,,,,
GCF_000006765.1,NP_250291.1,cytochrome C [Pseudomonas aeruginosa PAO1],433,3,0,3,6,,,,,
GCF_000006765.1,NP_250956.1,cytochrome C [Pseudomonas aeruginosa PAO1],439,3,0,3,7,,,,,
GCF_000006765.1,NP_253309.1,cytochrome C [Pseudomonas aeruginosa PAO1],415,3,0,3,6,,,,,
GCF_000007985.2,WP_010940781.1,cytochrome c3 family protein [Geobacter sulfurreducens],93,3,0,3,6,,,,,
GCF_000007985.2,WP_010941032.1,cytochrome c7 [Geobacter sulfurreducens],91,3,0,3,6,,,,,
GCF_000007985.2,WP_010941033.1,cytochrome c3 family protein [Geobacter sulfurreducens],95,3,0,3,6,,,,,
GCF_000007985.2,WP_010941201.1,cytochrome c3 family protein [Geobacter sulfurreducens],134,3,0,3,9,,,,,
GCF_000007985.2,WP_010941274.1,MULTISPECIES: cytochrome c7 [Geobacter],91,3,0,3,7,,,,,
GCF_000007985.2,WP_010941687.1,MULTISPECIES: cytochrome c7 [Geobacter],92,3,0,3,7,,,,,
GCF_000007985.2,WP_010942404.1,cytochrome c7 [Geobacter sulfurreducens],90,3,0,3,6,,,,,
GCF_000007985.2,WP_010942405.1,c-type cytochrome [Geobacter sulfurreducens],511,3,0,3,8,,,,,
GCF_000007985.2,WP_010942429.1,cytochrome c3 family protein [Geobacter sulfurreducens],147,3,0,3,8,,,,,
GCF_000007985.2,WP_010943832.1,cytochrome c [Geobacter sulfurreducens],212,3,0,3,7,,,,,
GCF_000008325.1,WP_010959791.1,multiheme c-type cytochrome [Methylococcus capsulatus],268,3,0,3,7,,,,,
GCF_000021745.1,WP_012592345.1,cytochrome c [Methylocella silvestris],421,3,0,3,6,,,,,
GCF_000091165.1,WP_044595710.1,hypothetical protein [Candidatus Methylomirabilis oxyfera],94,3,0,3,6,,,,,
GCF_000146165.2,WP_011070833.1,4Fe-4S dicluster domain-containing protein [Shewanella oneidensis],235,0,3,3,22,,,,,
GCF_000146165.2,WP_011071368.1,molecular chaperone DnaJ [Shewanella oneidensis],378,3,0,3,10,,,,,
GCF_000146165.2,WP_011074175.1,cytochrome c3 family protein [Shewanella oneidensis],100,3,0,3,7,,,,,
GCF_000190755.2,WP_006889443.1,c-type cytochrome [Methylobacter tundripaludum],380,3,0,3,6,,,,,
GCF_000190755.2,WP_006892523.1,thioredoxin TrxC [Methylobacter tundripaludum],143,1,2,3,6,,,,,
GCF_000190755.2,WP_254257800.1,cytochrome c [Methylobacter tundripaludum],450,3,0,3,8,,,,,
GCF_000214275.2,WP_005369343.1,c-type cytochrome [Methylomicrobium album],386,3,0,3,6,,,,,
GCF_000214275.2,WP_005369431.1,DEAD/DEAH box helicase [Methylomicrobium album],2148,3,0,3,39,,,,,
GCF_000214275.2,WP_005372241.1,MULTISPECIES: cytochrome c peroxidase [Methylomicrobium],469,3,0,3,6,,,,,
GCF_000214275.2,WP_245549440.1,cytochrome c [Methylomicrobium album],433,3,0,3,6,,,,,
GCF_000372865.1,WP_020561852.1,c-type cytochrome [Methylosarcina fibrata],381,3,0,3,6,,,,,
GCF_000372865.1,WP_198291346.1,c-type cytochrome [Methylosarcina fibrata],435,3,0,3,7,,,,,
GCF_000496735.2,WP_023495780.1,VCBS domain-containing protein [Methyloglobulus morosus],839,3,0,3,12,,,,,
GCF_000685155.1,WP_048089087.1,PxKF domain-containing protein [Candidatus Methanoperedens nitratireducens],1482,3,0,3,8,,,,,
GCF_000685155.1,WP_048090816.1,hypothetical protein [Candidatus Methanoperedens nitratireducens],190,3,0,3,6,,,,,
GCF_000685155.1,WP_048092729.1,hypothetical protein [Candidatus Methanoperedens nitratireducens],273,3,0,3,8,,,,,
GCF_000685155.1,WP_048092740.1,hypothetical protein [Candidatus Methanoperedens nitratireducens],323,3,0,3,8,,,,,
GCF_000685155.1,WP_052368527.1,cytochrome c3 family protein [Candidatus Methanoperedens nitratireducens],149,3,0,3,8,,,,,
GCF_000786775.1,WP_034401651.1,"hypothetical protein, partial [Candidatus Scalindua brodae]",244,3,0,3,7,,,,,
GCF_000786775.1,WP_034407037.1,"hypothetical protein, partial [Candidatus Scalindua brodae]",129,0,3,3,15,,,,,
GCF_000949635.1,WP_052562829.1,MULTISPECIES: excinuclease ABC subunit UvrA [Candidatus Brocadia],936,0,3,3,19,,,,,
GCF_000949635.1,WP_052563656.1,MULTISPECIES: hypothetical protein [Candidatus Brocadia],375,0,3,3,21,,,,,
GCF_000949635.1,WP_052564195.1,MULTISPECIES: multiheme c-type cytochrome [Candidatus Brocadia],236,3,0,3,10,,,,,
GCF_000949635.1,WP_082059307.1,MULTISPECIES: hypothetical protein [Candidatus Brocadia],238,3,0,3,9,,,,,
GCF_000968535.2,WP_014133084.1,cytochrome c peroxidase [Methylotuvimicrobium alcaliphilum],466,3,0,3,6,,,,,
GCF_000968535.2,WP_014148359.1,molecular chaperone DnaJ [Methylotuvimicrobium alcaliphilum],384,3,0,3,11,,,,,
GCF_000968535.2,WP_014148727.1,cytochrome c peroxidase [Methylotuvimicrobium alcaliphilum],467,3,0,3,6,,,,,
GCF_001273775.1,WP_053381209.1,c-type cytochrome [Nitrospira moscoviensis],337,3,0,3,6,,,,,
GCF_001753675.2,WP_070066581.1,multiheme c-type cytochrome [Candidatus Brocadia sapporoensis],236,3,0,3,10,,,,,
GCF_001753675.2,WP_143299126.1,hypothetical protein [Candidatus Brocadia sapporoensis],140,0,3,3,20,,,,,
GCF_001753675.2,WP_230402487.1,excinuclease ABC subunit UvrA [Candidatus Brocadia sapporoensis],937,0,3,3,21,,,,,
GCF_011066545.1,WP_099326586.1,MULTISPECIES: multiheme c-type cytochrome [Candidatus Kuenenia],236,3,0,3,11,,,,,
GCF_011066545.1,WP_164995110.1,cytochrome P460 family protein [Candidatus Kuenenia stuttgartensis],566,3,0,3,7,,,,,
GCF_054182965.1,WP_011111514.1,MULTISPECIES: cytochrome c [Nitrosomonas],425,3,0,3,6,,,,,
